﻿City,Humidity
Eilat,25
Portland,12
Portland,16
Portland,18
Portland,19
Portland,20
Portland,21
Portland,22
Portland,23
Portland,24
Portland,25
Portland,26
Portland,28
Portland,29
Portland,30
Portland,31
Portland,32
Portland,33
Portland,35
Portland,36
Portland,37
Portland,38
Portland,39
Portland,40
Portland,41
Portland,42
Portland,43
Portland,44
Portland,45
Portland,46
Portland,47
Portland,48
Portland,49
Portland,50
Portland,51
Portland,52
Portland,53
Portland,54
Portland,55
Portland,56
Portland,57
Portland,58
Portland,59
Portland,60
Portland,61
Portland,62
Portland,63
Portland,64
Portland,65
Portland,66
Portland,67
Portland,68
Portland,69
Portland,70
Portland,71
Portland,72
Portland,73
Portland,74
Portland,75
Portland,76
Portland,77
Portland,78
Portland,79
Portland,80
Portland,81
Portland,82
Portland,83
Portland,84
Portland,85
Portland,86
Portland,87
Portland,88
Portland,89
Portland,90
Portland,91
Portland,92
Portland,93
Portland,94
Portland,95
Portland,96
Portland,97
Portland,99
Portland,100
San Francisco,24
San Francisco,26
San Francisco,30
San Francisco,31
San Francisco,32
San Francisco,36
San Francisco,37
San Francisco,39
San Francisco,47
San Francisco,50
San Francisco,51
San Francisco,52
San Francisco,53
San Francisco,55
San Francisco,56
San Francisco,58
San Francisco,59
San Francisco,62
San Francisco,66
San Francisco,67
San Francisco,68
San Francisco,69
San Francisco,70
San Francisco,71
San Francisco,75
San Francisco,76
San Francisco,77
San Francisco,79
San Francisco,81
San Francisco,82
San Francisco,84
San Francisco,86
San Francisco,87
San Francisco,88
San Francisco,93
San Francisco,95
San Francisco,100
Seattle,74
Seattle,87
Seattle,93
Vancouver,12
Vancouver,15
Vancouver,16
Vancouver,17
Vancouver,18
Vancouver,19
Vancouver,20
Vancouver,21
Vancouver,22
Vancouver,23
Vancouver,24
Vancouver,25
Vancouver,26
Vancouver,27
Vancouver,28
Vancouver,29
Vancouver,30
Vancouver,31
Vancouver,32
Vancouver,33
Vancouver,34
Vancouver,35
Vancouver,36
Vancouver,37
Vancouver,38
Vancouver,39
Vancouver,40
Vancouver,41
Vancouver,42
Vancouver,43
Vancouver,44
Vancouver,45
Vancouver,46
Vancouver,47
Vancouver,48
Vancouver,49
Vancouver,50
Vancouver,51
Vancouver,52
Vancouver,53
Vancouver,54
Vancouver,55
Vancouver,56
Vancouver,57
Vancouver,58
Vancouver,59
Vancouver,60
Vancouver,61
Vancouver,62
Vancouver,63
Vancouver,64
Vancouver,65
Vancouver,66
Vancouver,67
Vancouver,68
Vancouver,69
Vancouver,70
Vancouver,71
Vancouver,72
Vancouver,73
Vancouver,74
Vancouver,75
Vancouver,76
Vancouver,77
Vancouver,78
Vancouver,79
Vancouver,80
Vancouver,81
Vancouver,82
Vancouver,83
Vancouver,84
Vancouver,85
Vancouver,86
Vancouver,87
Vancouver,88
Vancouver,89
Vancouver,90
Vancouver,91
Vancouver,92
Vancouver,93
Vancouver,94
Vancouver,95
Vancouver,96
Vancouver,97
Vancouver,98
Vancouver,99
Vancouver,100
