﻿Sum of Energy Usage (kWh),Sum of Temperature (°C),Year,Quarter,Month,Day,City
1600,8,2024,Qtr 1,January,1,Albuquerque
1400,-2,2024,Qtr 1,January,1,Denver
1800,12,2024,Qtr 1,January,1,Las Vegas
2100,15,2024,Qtr 1,January,1,Los Angeles
1900,10,2024,Qtr 1,January,1,Phoenix
1100,7,2024,Qtr 1,January,1,Portland
1900,12,2024,Qtr 1,January,1,San Antonio
2200,17,2024,Qtr 1,January,1,San Diego
1600,10,2024,Qtr 1,January,1,San Francisco
1150,6,2024,Qtr 1,January,1,Seattle
1250,5,2024,Qtr 1,January,1,Vancouver
3800,38,2024,Qtr 3,July,1,Albuquerque
1700,28,2024,Qtr 3,July,1,Denver
4100,40,2024,Qtr 3,July,1,Las Vegas
3200,30,2024,Qtr 3,July,1,Los Angeles
4200,42,2024,Qtr 3,July,1,Phoenix
1400,25,2024,Qtr 3,July,1,Portland
3500,37,2024,Qtr 3,July,1,San Antonio
3300,32,2024,Qtr 3,July,1,San Diego
1900,18,2024,Qtr 3,July,1,San Francisco
1300,20,2024,Qtr 3,July,1,Seattle
1550,22,2024,Qtr 3,July,1,Vancouver
