﻿Energy Usage (kWh),Temperature (°C),Year,Quarter,Month,Day,City
1100,7,2024,Qtr 1,January,1,Portland
1150,6,2024,Qtr 1,January,1,Seattle
1250,5,2024,Qtr 1,January,1,Vancouver
1300,20,2024,Qtr 3,July,1,Seattle
1400,-2,2024,Qtr 1,January,1,Denver
1400,25,2024,Qtr 3,July,1,Portland
1550,22,2024,Qtr 3,July,1,Vancouver
1600,8,2024,Qtr 1,January,1,Albuquerque
1600,10,2024,Qtr 1,January,1,San Francisco
1700,28,2024,Qtr 3,July,1,Denver
1800,12,2024,Qtr 1,January,1,Las Vegas
1900,10,2024,Qtr 1,January,1,Phoenix
1900,12,2024,Qtr 1,January,1,San Antonio
1900,18,2024,Qtr 3,July,1,San Francisco
2100,15,2024,Qtr 1,January,1,Los Angeles
2200,17,2024,Qtr 1,January,1,San Diego
3200,30,2024,Qtr 3,July,1,Los Angeles
3300,32,2024,Qtr 3,July,1,San Diego
3500,37,2024,Qtr 3,July,1,San Antonio
3800,38,2024,Qtr 3,July,1,Albuquerque
4100,40,2024,Qtr 3,July,1,Las Vegas
4200,42,2024,Qtr 3,July,1,Phoenix
