﻿Year,Quarter,Month,Day,Sum of Temperature,City
2012,Qtr 4,October,1,309.1,Eilat
2012,Qtr 4,October,1,3130.828460649,Vancouver
2012,Qtr 4,October,2,6867.484555733001,Vancouver
2012,Qtr 4,October,3,6852.675000000001,Vancouver
2012,Qtr 4,October,4,6824.959999999999,Vancouver
2012,Qtr 4,October,5,6810.175,Vancouver
2012,Qtr 4,October,6,6835.819999999998,Vancouver
2012,Qtr 4,October,7,6854.300000000001,Vancouver
2012,Qtr 4,October,8,6862.6399999999985,Vancouver
2012,Qtr 4,October,9,6862.975,Vancouver
2012,Qtr 4,October,10,6837.935,Vancouver
2012,Qtr 4,October,11,6811.889999999999,Vancouver
2012,Qtr 4,October,12,6803.850000000001,Vancouver
2012,Qtr 4,October,13,6812.06,Vancouver
2012,Qtr 4,October,14,6841.75,Vancouver
2012,Qtr 4,October,15,6875.53,Vancouver
2012,Qtr 4,October,16,6840.600000000001,Vancouver
2012,Qtr 4,October,17,6841.6799999999985,Vancouver
2012,Qtr 4,October,18,6774.959999999999,Vancouver
2012,Qtr 4,October,19,6791.570000000001,Vancouver
2012,Qtr 4,October,20,6819.659999999999,Vancouver
2012,Qtr 4,October,21,6754.01,Vancouver
2012,Qtr 4,October,22,6701.3099999999995,Vancouver
2012,Qtr 4,October,23,6697.879999999998,Vancouver
2012,Qtr 4,October,24,6704.219999999999,Vancouver
2012,Qtr 4,October,25,6713.064999999999,Vancouver
2012,Qtr 4,October,26,6711.789999999999,Vancouver
2012,Qtr 4,October,27,6727.289999999999,Vancouver
2012,Qtr 4,October,28,6729.070000000001,Vancouver
2012,Qtr 4,October,29,6778.639999999999,Vancouver
2012,Qtr 4,October,30,6789.649999999998,Vancouver
2012,Qtr 4,October,31,6827.489999999999,Vancouver
2012,Qtr 4,November,1,6813.69,Vancouver
2012,Qtr 4,November,2,6822.25,Vancouver
2012,Qtr 4,November,3,6830.760000000001,Vancouver
2012,Qtr 4,November,4,6825.459999999998,Vancouver
2012,Qtr 4,November,5,6822.92,Vancouver
2012,Qtr 4,November,6,6840.090000000002,Vancouver
2012,Qtr 4,November,7,6768.48,Vancouver
2012,Qtr 4,November,8,6763.610000000001,Vancouver
2012,Qtr 4,November,9,6698.569999999999,Vancouver
2012,Qtr 4,November,10,6671.58,Vancouver
2012,Qtr 4,November,11,6647.859999999999,Vancouver
2012,Qtr 4,November,12,6652.4,Vancouver
2012,Qtr 4,November,13,6672.700000000001,Vancouver
2012,Qtr 4,November,14,6728.450000000001,Vancouver
2012,Qtr 4,November,15,6742.42,Vancouver
2012,Qtr 4,November,16,6724.135,Vancouver
2012,Qtr 4,November,17,6718.35,Vancouver
2012,Qtr 4,November,18,6762.350000000001,Vancouver
2012,Qtr 4,November,19,6722.53,Vancouver
2012,Qtr 4,November,20,6749.510000000002,Vancouver
2012,Qtr 4,November,21,6731.880000000001,Vancouver
2012,Qtr 4,November,22,6694.95,Vancouver
2012,Qtr 4,November,23,6676.419999999999,Vancouver
2012,Qtr 4,November,24,6725.619999999999,Vancouver
2012,Qtr 4,November,25,6712.580000000001,Vancouver
2012,Qtr 4,November,26,6671.719999999999,Vancouver
2012,Qtr 4,November,27,6617.870000000002,Vancouver
2012,Qtr 4,November,28,6636.230000000002,Vancouver
2012,Qtr 4,November,29,6665.8,Vancouver
2012,Qtr 4,November,30,6771.834999999999,Vancouver
2012,Qtr 4,December,1,6777.150000000001,Vancouver
2012,Qtr 4,December,2,6763.21,Vancouver
2012,Qtr 4,December,3,6732.569999999999,Vancouver
2012,Qtr 4,December,4,6730.875,Vancouver
2012,Qtr 4,December,5,6748.035,Vancouver
2012,Qtr 4,December,6,6694.200000000001,Vancouver
2012,Qtr 4,December,7,6687.681000000001,Vancouver
2012,Qtr 4,December,8,6662.6,Vancouver
2012,Qtr 4,December,9,6684.994999999998,Vancouver
2012,Qtr 4,December,10,6614.16,Vancouver
2012,Qtr 4,December,11,6645.509999999998,Vancouver
2012,Qtr 4,December,12,6675.985,Vancouver
2012,Qtr 4,December,13,6662.69,Vancouver
2012,Qtr 4,December,14,6668.020000000001,Vancouver
2012,Qtr 4,December,15,6637.28,Vancouver
2012,Qtr 4,December,16,6627.750000000002,Vancouver
2012,Qtr 4,December,17,6635.9400000000005,Vancouver
2012,Qtr 4,December,18,6632.470000000001,Vancouver
2012,Qtr 4,December,19,6604.7699999999995,Vancouver
2012,Qtr 4,December,20,6598.901499999998,Vancouver
2012,Qtr 4,December,21,6646.349999999999,Vancouver
2012,Qtr 4,December,22,6621.300000000001,Vancouver
2012,Qtr 4,December,23,6621.39,Vancouver
2012,Qtr 4,December,24,6677.1500000000015,Vancouver
2012,Qtr 4,December,25,6649.17,Vancouver
2012,Qtr 4,December,26,6626.259999999998,Vancouver
2012,Qtr 4,December,27,6639.85,Vancouver
2012,Qtr 4,December,28,6647.880000000001,Vancouver
2012,Qtr 4,December,29,6652.42,Vancouver
2012,Qtr 4,December,30,6647.8125,Vancouver
2012,Qtr 4,December,31,6610.785,Vancouver
2013,Qtr 1,January,1,6583.170000000002,Vancouver
2013,Qtr 1,January,2,6566.92,Vancouver
2013,Qtr 1,January,3,6587.945,Vancouver
2013,Qtr 1,January,4,6567.69,Vancouver
2013,Qtr 1,January,5,6623.0675,Vancouver
2013,Qtr 1,January,6,6660.97,Vancouver
2013,Qtr 1,January,7,6669.4400000000005,Vancouver
2013,Qtr 1,January,8,6645.0668333329995,Vancouver
2013,Qtr 1,January,9,6646.745000000001,Vancouver
2013,Qtr 1,January,10,6615.247449999999,Vancouver
2013,Qtr 1,January,11,6603.979999999998,Vancouver
2013,Qtr 1,January,12,6513.779999999999,Vancouver
2013,Qtr 1,January,13,6455.624999999999,Vancouver
2013,Qtr 1,January,14,6437.389999999999,Vancouver
2013,Qtr 1,January,15,6553.620000000001,Vancouver
2013,Qtr 1,January,16,6579.129999999999,Vancouver
2013,Qtr 1,January,17,6605.129000000001,Vancouver
2013,Qtr 1,January,18,6568.055,Vancouver
2013,Qtr 1,January,19,6589.839999999999,Vancouver
2013,Qtr 1,January,20,6602.492499999999,Vancouver
2013,Qtr 1,January,21,6599.210000000001,Vancouver
2013,Qtr 1,January,22,6593.644999999999,Vancouver
2013,Qtr 1,January,23,6575.835,Vancouver
2013,Qtr 1,January,24,6627.354999999999,Vancouver
2013,Qtr 1,January,25,6663.690000000001,Vancouver
2013,Qtr 1,January,26,6648.4130000000005,Vancouver
2013,Qtr 1,January,27,6648.476833333,Vancouver
2013,Qtr 1,January,28,6643.628166667,Vancouver
2013,Qtr 1,January,29,6618.237666667001,Vancouver
2013,Qtr 1,January,30,6655.785,Vancouver
2013,Qtr 1,January,31,6676.365,Vancouver
2013,Qtr 1,February,1,6690.16,Vancouver
2013,Qtr 1,February,2,6716.210000000001,Vancouver
2013,Qtr 1,February,3,6654.319999999999,Vancouver
2013,Qtr 1,February,4,6661.499999999999,Vancouver
2013,Qtr 1,February,5,6693.395000000001,Vancouver
2013,Qtr 1,February,6,6714.255,Vancouver
2013,Qtr 1,February,7,6712.060000000001,Vancouver
2013,Qtr 1,February,8,6706.874999999998,Vancouver
2013,Qtr 1,February,9,6648.514999999999,Vancouver
2013,Qtr 1,February,10,6661.300000000002,Vancouver
2013,Qtr 1,February,11,6651.675,Vancouver
2013,Qtr 1,February,12,6669.805666667,Vancouver
2013,Qtr 1,February,13,6693.395000000002,Vancouver
2013,Qtr 1,February,14,6717.8600000000015,Vancouver
2013,Qtr 1,February,15,6684.724999999999,Vancouver
2013,Qtr 1,February,16,6699.145,Vancouver
2013,Qtr 1,February,17,6716.860000000001,Vancouver
2013,Qtr 1,February,18,6683.3099999999995,Vancouver
2013,Qtr 1,February,19,6659.964999999999,Vancouver
2013,Qtr 1,February,20,6668.03,Vancouver
2013,Qtr 1,February,21,6628.727666667001,Vancouver
2013,Qtr 1,February,22,6651.63,Vancouver
2013,Qtr 1,February,23,6677.64,Vancouver
2013,Qtr 1,February,24,6672.36,Vancouver
2013,Qtr 1,February,25,6678.283,Vancouver
2013,Qtr 1,February,26,6684.003,Vancouver
2013,Qtr 1,February,27,6658.3355,Vancouver
2013,Qtr 1,February,28,6655.945650000001,Vancouver
2013,Qtr 1,March,1,6640.564999999998,Vancouver
2013,Qtr 1,March,2,6736.525,Vancouver
2013,Qtr 1,March,3,6761.08,Vancouver
2013,Qtr 1,March,4,6673.364999999999,Vancouver
2013,Qtr 1,March,5,6649.1849999999995,Vancouver
2013,Qtr 1,March,6,6682.637600000002,Vancouver
2013,Qtr 1,March,7,6685.295000000001,Vancouver
2013,Qtr 1,March,8,6687.697,Vancouver
2013,Qtr 1,March,9,6678.105000000001,Vancouver
2013,Qtr 1,March,10,6681.6635,Vancouver
2013,Qtr 1,March,11,554.68,Portland
2013,Qtr 1,March,11,6156.004,Vancouver
2013,Qtr 1,March,12,6706.831666667,Vancouver
2013,Qtr 1,March,13,6719.762333333001,Vancouver
2013,Qtr 1,March,14,6783.554666666999,Vancouver
2013,Qtr 1,March,15,6776.811166667,Vancouver
2013,Qtr 1,March,16,6761.4839999999995,Vancouver
2013,Qtr 1,March,17,6745.1355,Vancouver
2013,Qtr 1,March,18,6688.9753333339995,Vancouver
2013,Qtr 1,March,19,6692.2345000000005,Vancouver
2013,Qtr 1,March,20,6673.41,Vancouver
2013,Qtr 1,March,21,6726.51,Vancouver
2013,Qtr 1,March,22,6677.449999999999,Vancouver
2013,Qtr 1,March,23,6655.910000000001,Vancouver
2013,Qtr 1,March,24,6647.089999999999,Vancouver
2013,Qtr 1,March,25,6682.779999999999,Vancouver
2013,Qtr 1,March,26,6742.100000000001,Vancouver
2013,Qtr 1,March,27,6749.9995,Vancouver
2013,Qtr 1,March,28,6764.9,Vancouver
2013,Qtr 1,March,29,6806.900000000001,Vancouver
2013,Qtr 1,March,30,6802.61,Vancouver
2013,Qtr 1,March,31,6804.799999999998,Vancouver
2013,Qtr 2,April,1,6826.176333333,Vancouver
2013,Qtr 2,April,2,6830.381999999999,Vancouver
2013,Qtr 2,April,3,6822.22,Vancouver
2013,Qtr 2,April,4,6809.049999999999,Vancouver
2013,Qtr 2,April,5,6817.610000000001,Vancouver
2013,Qtr 2,April,6,6805.075000000001,Vancouver
2013,Qtr 2,April,7,6796.1900000000005,Vancouver
2013,Qtr 2,April,8,6738.085,Vancouver
2013,Qtr 2,April,9,6755.43,Vancouver
2013,Qtr 2,April,10,6774.2300000000005,Vancouver
2013,Qtr 2,April,11,6772.4,Vancouver
2013,Qtr 2,April,12,6785.660000000002,Vancouver
2013,Qtr 2,April,13,6710.610000000001,Vancouver
2013,Qtr 2,April,14,6670.410000000001,Vancouver
2013,Qtr 2,April,15,6705.879999999999,Vancouver
2013,Qtr 2,April,16,6747.78,Vancouver
2013,Qtr 2,April,17,6762.9850000000015,Vancouver
2013,Qtr 2,April,18,6783.120000000003,Vancouver
2013,Qtr 2,April,19,6765.009999999999,Vancouver
2013,Qtr 2,April,20,6759.310000000002,Vancouver
2013,Qtr 2,April,21,6806.191500000001,Vancouver
2013,Qtr 2,April,22,6765.629999999999,Vancouver
2013,Qtr 2,April,23,6741.940000000002,Vancouver
2013,Qtr 2,April,24,6788.159999999999,Vancouver
2013,Qtr 2,April,25,6825.71,Vancouver
2013,Qtr 2,April,26,6838.14,Vancouver
2013,Qtr 2,April,27,6853.75,Vancouver
2013,Qtr 2,April,28,6832.39,Vancouver
2013,Qtr 2,April,29,6792.47,Vancouver
2013,Qtr 2,April,30,6767.219999999999,Vancouver
2013,Qtr 2,May,1,6746.495000000001,Vancouver
2013,Qtr 2,May,2,6751.94,Vancouver
2013,Qtr 2,May,3,6819.74,Vancouver
2013,Qtr 2,May,4,6838.099999999999,Vancouver
2013,Qtr 2,May,5,6907.76,Vancouver
2013,Qtr 2,May,6,6966.32,Vancouver
2013,Qtr 2,May,7,6998.34,Vancouver
2013,Qtr 2,May,8,6965.030000000001,Vancouver
2013,Qtr 2,May,9,6907.3205,Vancouver
2013,Qtr 2,May,10,6909.6015,Vancouver
2013,Qtr 2,May,11,6944.1,Vancouver
2013,Qtr 2,May,12,6966.770000000001,Vancouver
2013,Qtr 2,May,13,6930.5,Vancouver
2013,Qtr 2,May,14,6897.106999999999,Vancouver
2013,Qtr 2,May,15,6847.655000000001,Vancouver
2013,Qtr 2,May,16,6875.639999999999,Vancouver
2013,Qtr 2,May,17,6887.3820000000005,Vancouver
2013,Qtr 2,May,18,6898.5705,Vancouver
2013,Qtr 2,May,19,6852.945500000001,Vancouver
2013,Qtr 2,May,20,6865.639999999999,Vancouver
2013,Qtr 2,May,21,6871.339999999999,Vancouver
2013,Qtr 2,May,22,6830.459999999999,Vancouver
2013,Qtr 2,May,23,6810.739999999998,Vancouver
2013,Qtr 2,May,24,6828.629999999998,Vancouver
2013,Qtr 2,May,25,6839.059999999999,Vancouver
2013,Qtr 2,May,26,6853.249999999999,Vancouver
2013,Qtr 2,May,27,6858.4800000000005,Vancouver
2013,Qtr 2,May,28,6876.415,Vancouver
2013,Qtr 2,May,29,6845.327499999999,Vancouver
2013,Qtr 2,May,30,6842.74,Vancouver
2013,Qtr 2,May,31,6831.87,Vancouver
2013,Qtr 2,June,1,6854.700000000001,Vancouver
2013,Qtr 2,June,2,6888.780000000001,Vancouver
2013,Qtr 2,June,3,6900.96,Vancouver
2013,Qtr 2,June,4,6922.630000000001,Vancouver
2013,Qtr 2,June,5,6944.590000000002,Vancouver
2013,Qtr 2,June,6,6989.3,Vancouver
2013,Qtr 2,June,7,6984.68,Vancouver
2013,Qtr 2,June,8,6956.43,Vancouver
2013,Qtr 2,June,9,6905.34,Vancouver
2013,Qtr 2,June,10,6903.48,Vancouver
2013,Qtr 2,June,11,6897.01,Vancouver
2013,Qtr 2,June,12,6916.18,Vancouver
2013,Qtr 2,June,13,6885.9525,Vancouver
2013,Qtr 2,June,14,6876.9,Vancouver
2013,Qtr 2,June,15,6909.229999999999,Vancouver
2013,Qtr 2,June,16,6909.13,Vancouver
2013,Qtr 2,June,17,6984.650000000001,Vancouver
2013,Qtr 2,June,18,6983.880000000001,Vancouver
2013,Qtr 2,June,19,6971.975,Vancouver
2013,Qtr 2,June,20,6928.6950000000015,Vancouver
2013,Qtr 2,June,21,6892.578583332998,Vancouver
2013,Qtr 2,June,22,6899.18845,Vancouver
2013,Qtr 2,June,23,6952.474749999999,Vancouver
2013,Qtr 2,June,24,6965.824999999999,Vancouver
2013,Qtr 2,June,25,6945.119999999999,Vancouver
2013,Qtr 2,June,26,6924.679999999999,Vancouver
2013,Qtr 2,June,27,6943.634999999999,Vancouver
2013,Qtr 2,June,28,6957.919999999998,Vancouver
2013,Qtr 2,June,29,6984.174999999999,Vancouver
2013,Qtr 2,June,30,7029.156,Vancouver
2013,Qtr 3,July,1,7064.859999999999,Vancouver
2013,Qtr 3,July,2,7082.095,Vancouver
2013,Qtr 3,July,3,7053.055,Vancouver
2013,Qtr 3,July,4,7022.9535000000005,Vancouver
2013,Qtr 3,July,5,6979.682,Vancouver
2013,Qtr 3,July,6,6982.29,Vancouver
2013,Qtr 3,July,7,6992.950000000001,Vancouver
2013,Qtr 3,July,8,7016.75,Vancouver
2013,Qtr 3,July,9,6996.07,Vancouver
2013,Qtr 3,July,10,7028.29,Vancouver
2013,Qtr 3,July,11,7020.7750000000015,Vancouver
2013,Qtr 3,July,12,6971.050000000001,Vancouver
2013,Qtr 3,July,13,6942.65,Vancouver
2013,Qtr 3,July,14,6952.71,Vancouver
2013,Qtr 3,July,15,6993.401499999999,Vancouver
2013,Qtr 3,July,16,7011.09,Vancouver
2013,Qtr 3,July,17,7068.870000000001,Vancouver
2013,Qtr 3,July,18,7080.725,Vancouver
2013,Qtr 3,July,19,7021.797999999999,Vancouver
2013,Qtr 3,July,20,7022.699999999998,Vancouver
2013,Qtr 3,July,21,7014.768499999999,Vancouver
2013,Qtr 3,July,22,6996.77,Vancouver
2013,Qtr 3,July,23,7004.924333333001,Vancouver
2013,Qtr 3,July,24,7018.807000000001,Vancouver
2013,Qtr 3,July,25,7044.369999999999,Vancouver
2013,Qtr 3,July,26,7030.797999999998,Vancouver
2013,Qtr 3,July,27,7028.91,Vancouver
2013,Qtr 3,July,28,7008.9,Vancouver
2013,Qtr 3,July,29,6997.331000000001,Vancouver
2013,Qtr 3,July,30,7006.314999999999,Vancouver
2013,Qtr 3,July,31,7018.54,Vancouver
2013,Qtr 3,August,1,7015.789999999999,Vancouver
2013,Qtr 3,August,2,7010.474999999999,Vancouver
2013,Qtr 3,August,3,6949.970500000001,Vancouver
2013,Qtr 3,August,4,6958.200000000001,Vancouver
2013,Qtr 3,August,5,7002.084999999999,Vancouver
2013,Qtr 3,August,6,7028.849999999999,Vancouver
2013,Qtr 3,August,7,7032.6720000000005,Vancouver
2013,Qtr 3,August,8,7049.198,Vancouver
2013,Qtr 3,August,9,7034.875,Vancouver
2013,Qtr 3,August,10,7032.930999999999,Vancouver
2013,Qtr 3,August,11,7055.504999999997,Vancouver
2013,Qtr 3,August,12,7009.58,Vancouver
2013,Qtr 3,August,13,7001.39,Vancouver
2013,Qtr 3,August,14,7013.7252499999995,Vancouver
2013,Qtr 3,August,15,7018.618666667001,Vancouver
2013,Qtr 3,August,16,7015.316999999998,Vancouver
2013,Qtr 3,August,17,6990.1900000000005,Vancouver
2013,Qtr 3,August,18,7021.169999999999,Vancouver
2013,Qtr 3,August,19,6990.04,Vancouver
2013,Qtr 3,August,20,6976.33,Vancouver
2013,Qtr 3,August,21,6980.290000000002,Vancouver
2013,Qtr 3,August,22,6986.009999999999,Vancouver
2013,Qtr 3,August,23,7020.124500000001,Vancouver
2013,Qtr 3,August,24,7009.818999999999,Vancouver
2013,Qtr 3,August,25,6980.704000000001,Vancouver
2013,Qtr 3,August,26,6966.290499999999,Vancouver
2013,Qtr 3,August,27,6985.920800000001,Vancouver
2013,Qtr 3,August,28,6965.978499999998,Vancouver
2013,Qtr 3,August,29,6993.64825,Vancouver
2013,Qtr 3,August,30,7006.65,Vancouver
2013,Qtr 3,August,31,6948.81975,Vancouver
2013,Qtr 3,September,1,6976.535000000002,Vancouver
2013,Qtr 3,September,2,7005.2874999999985,Vancouver
2013,Qtr 3,September,3,6971.002900000001,Vancouver
2013,Qtr 3,September,4,6944.92575,Vancouver
2013,Qtr 3,September,5,6962.3305,Vancouver
2013,Qtr 3,September,6,6966.206666667,Vancouver
2013,Qtr 3,September,7,6967.7333,Vancouver
2013,Qtr 3,September,8,6965.099950000002,Vancouver
2013,Qtr 3,September,9,6988.615000000001,Vancouver
2013,Qtr 3,September,10,7000.147999999999,Vancouver
2013,Qtr 3,September,11,7039.512999999999,Vancouver
2013,Qtr 3,September,12,7044.446999999998,Vancouver
2013,Qtr 3,September,13,7002.032916666999,Vancouver
2013,Qtr 3,September,14,6965.373333333999,Vancouver
2013,Qtr 3,September,15,6959.5994999999975,Vancouver
2013,Qtr 3,September,16,6932.4445,Vancouver
2013,Qtr 3,September,17,6903.526666666997,Vancouver
2013,Qtr 3,September,18,6886.816999999999,Vancouver
2013,Qtr 3,September,19,6874.702333332997,Vancouver
2013,Qtr 3,September,20,6923.050666667003,Vancouver
2013,Qtr 3,September,21,6889.3443,Vancouver
2013,Qtr 3,September,22,6858.071999999999,Vancouver
2013,Qtr 3,September,23,6861.687000000001,Vancouver
2013,Qtr 3,September,24,6830.256666667,Vancouver
2013,Qtr 3,September,25,6834.403166667,Vancouver
2013,Qtr 3,September,26,6839.232000000002,Vancouver
2013,Qtr 3,September,27,6823.4349999999995,Vancouver
2013,Qtr 3,September,28,6831.902499999999,Vancouver
2013,Qtr 3,September,29,6824.711,Vancouver
2013,Qtr 3,September,30,6807.2345,Vancouver
2013,Qtr 4,October,1,6773.391416667002,Vancouver
2013,Qtr 4,October,2,6757.80815,Vancouver
2013,Qtr 4,October,3,6746.080250000001,Vancouver
2013,Qtr 4,October,4,6770.465000000001,Vancouver
2013,Qtr 4,October,5,6830.611,Vancouver
2013,Qtr 4,October,6,6854.838,Vancouver
2013,Qtr 4,October,7,6860.669583333,Vancouver
2013,Qtr 4,October,8,6813.067216667001,Vancouver
2013,Qtr 4,October,9,6783.410000000001,Vancouver
2013,Qtr 4,October,10,6799.952,Vancouver
2013,Qtr 4,October,11,6767.676500000001,Vancouver
2013,Qtr 4,October,12,6787.945833333,Vancouver
2013,Qtr 4,October,13,6752.985733333001,Vancouver
2013,Qtr 4,October,14,6746.767000000001,Vancouver
2013,Qtr 4,October,15,6775.117166667,Vancouver
2013,Qtr 4,October,16,6781.909999999999,Vancouver
2013,Qtr 4,October,17,6772.195500000001,Vancouver
2013,Qtr 4,October,18,6754.735000000001,Vancouver
2013,Qtr 4,October,19,6743.489166667,Vancouver
2013,Qtr 4,October,20,6767.8298333329985,Vancouver
2013,Qtr 4,October,21,6771.3865,Vancouver
2013,Qtr 4,October,22,6765.902,Vancouver
2013,Qtr 4,October,23,6809.478,Vancouver
2013,Qtr 4,October,24,6772.475499999998,Vancouver
2013,Qtr 4,October,25,6773.940333332999,Vancouver
2013,Qtr 4,October,26,6819.649499999999,Vancouver
2013,Qtr 4,October,27,6792.6505,Vancouver
2013,Qtr 4,October,28,6726.4975,Vancouver
2013,Qtr 4,October,29,6675.427,Vancouver
2013,Qtr 4,October,30,6659.877499999999,Vancouver
2013,Qtr 4,October,31,6731.016,Vancouver
2013,Qtr 4,November,1,6739.253999999999,Vancouver
2013,Qtr 4,November,2,6735.8155,Vancouver
2013,Qtr 4,November,3,6630.2475,Vancouver
2013,Qtr 4,November,4,6575.02,Vancouver
2013,Qtr 4,November,5,6629.6179999999995,Vancouver
2013,Qtr 4,November,6,6685.0105,Vancouver
2013,Qtr 4,November,7,6747.511999999999,Vancouver
2013,Qtr 4,November,8,6757.395000000001,Vancouver
2013,Qtr 4,November,9,6744.31,Vancouver
2013,Qtr 4,November,10,6723.65,Vancouver
2013,Qtr 4,November,11,6750.050000000002,Vancouver
2013,Qtr 4,November,12,6782.82,Vancouver
2013,Qtr 4,November,13,6812.959999999999,Vancouver
2013,Qtr 4,November,14,6778.36,Vancouver
2013,Qtr 4,November,15,6720.6900000000005,Vancouver
2013,Qtr 4,November,16,6683.3495,Vancouver
2013,Qtr 4,November,17,6689.159000000001,Vancouver
2013,Qtr 4,November,18,6734.375,Vancouver
2013,Qtr 4,November,19,6690.93,Vancouver
2013,Qtr 4,November,20,6598.320000000001,Vancouver
2013,Qtr 4,November,21,6574.52,Vancouver
2013,Qtr 4,November,22,6604.305000000003,Vancouver
2013,Qtr 4,November,23,6635.040000000001,Vancouver
2013,Qtr 4,November,24,6665.82,Vancouver
2013,Qtr 4,November,25,6686.5734999999995,Vancouver
2013,Qtr 4,November,26,6663.209999999999,Vancouver
2013,Qtr 4,November,27,6710.7,Vancouver
2013,Qtr 4,November,28,6700.3275,Vancouver
2013,Qtr 4,November,29,6741.460000000001,Vancouver
2013,Qtr 4,November,30,6731.11,Vancouver
2013,Qtr 4,December,1,6758.519999999999,Vancouver
2013,Qtr 4,December,2,6675.289999999999,Vancouver
2013,Qtr 4,December,3,6595.07,Vancouver
2013,Qtr 4,December,4,6544.349999999999,Vancouver
2013,Qtr 4,December,5,6510.62,Vancouver
2013,Qtr 4,December,6,6484.72,Vancouver
2013,Qtr 4,December,7,6443.525,Vancouver
2013,Qtr 4,December,8,6451.069999999999,Vancouver
2013,Qtr 4,December,9,6484.544999999999,Vancouver
2013,Qtr 4,December,10,6539.125,Vancouver
2013,Qtr 4,December,11,6590.93,Vancouver
2013,Qtr 4,December,12,6602.235,Vancouver
2013,Qtr 4,December,13,6663.485999999999,Vancouver
2013,Qtr 4,December,14,6694.395,Vancouver
2013,Qtr 4,December,15,6735.984999999999,Vancouver
2013,Qtr 4,December,16,6679.771000000002,Vancouver
2013,Qtr 4,December,17,6643.495,Vancouver
2013,Qtr 4,December,18,6674.047999999998,Vancouver
2013,Qtr 4,December,19,6617.554500000002,Vancouver
2013,Qtr 4,December,20,6547.476500000002,Vancouver
2013,Qtr 4,December,21,6585.708499999998,Vancouver
2013,Qtr 4,December,22,6611.5755,Vancouver
2013,Qtr 4,December,23,6700.399000000001,Vancouver
2013,Qtr 4,December,24,6679.0185,Vancouver
2013,Qtr 4,December,25,6620.366,Vancouver
2013,Qtr 4,December,26,6666.459500000001,Vancouver
2013,Qtr 4,December,27,6671.385499999999,Vancouver
2013,Qtr 4,December,28,6685.112000000002,Vancouver
2013,Qtr 4,December,29,6668.654999999998,Vancouver
2013,Qtr 4,December,30,6683.497,Vancouver
2013,Qtr 4,December,31,6702.0315,Vancouver
2014,Qtr 1,January,1,6681.343,Vancouver
2014,Qtr 1,January,2,6706.7295,Vancouver
2014,Qtr 1,January,3,6676.85,Vancouver
2014,Qtr 1,January,4,6607.1045,Vancouver
2014,Qtr 1,January,5,6573.2495,Vancouver
2014,Qtr 1,January,6,6566.371999999999,Vancouver
2014,Qtr 1,January,7,6635.154500000001,Vancouver
2014,Qtr 1,January,8,6697.7845,Vancouver
2014,Qtr 1,January,9,6693.7455,Vancouver
2014,Qtr 1,January,10,6684.287000000001,Vancouver
2014,Qtr 1,January,11,6717.8975,Vancouver
2014,Qtr 1,January,12,6686.905,Vancouver
2014,Qtr 1,January,13,6726.187499999999,Vancouver
2014,Qtr 1,January,14,6783.255825466,Vancouver
2014,Qtr 1,January,15,6736.9880166620005,Vancouver
2014,Qtr 1,January,16,6662.4895000000015,Vancouver
2014,Qtr 1,January,17,6829.942136211999,Vancouver
2014,Qtr 1,January,18,6848.231999999998,Vancouver
2014,Qtr 1,January,19,6749.258000000001,Vancouver
2014,Qtr 1,January,20,6644.495,Vancouver
2014,Qtr 1,January,21,6631.453,Vancouver
2014,Qtr 1,January,22,6674.241499999998,Vancouver
2014,Qtr 1,January,23,6639.286,Vancouver
2014,Qtr 1,January,24,6652.489999999999,Vancouver
2014,Qtr 1,January,25,6673.739500000001,Vancouver
2014,Qtr 1,January,26,6623.203,Vancouver
2014,Qtr 1,January,27,6615.409999999999,Vancouver
2014,Qtr 1,January,28,6678.030000000001,Vancouver
2014,Qtr 1,January,29,6697.2,Vancouver
2014,Qtr 1,January,30,6673.839999999998,Vancouver
2014,Qtr 1,January,31,6613.69,Vancouver
2014,Qtr 1,February,1,6561.72,Vancouver
2014,Qtr 1,February,2,6591.8099999999995,Vancouver
2014,Qtr 1,February,3,6570.9,Vancouver
2014,Qtr 1,February,4,6513.789999999999,Vancouver
2014,Qtr 1,February,5,6483.75,Vancouver
2014,Qtr 1,February,6,6453.43,Vancouver
2014,Qtr 1,February,7,6498.68,Vancouver
2014,Qtr 1,February,8,6498.42,Vancouver
2014,Qtr 1,February,9,6536.420000000001,Vancouver
2014,Qtr 1,February,10,6585.09,Vancouver
2014,Qtr 1,February,11,6655.880000000001,Vancouver
2014,Qtr 1,February,12,6687.200000000001,Vancouver
2014,Qtr 1,February,13,6714.130000000001,Vancouver
2014,Qtr 1,February,14,6711.070000000001,Vancouver
2014,Qtr 1,February,15,6682.040000000001,Vancouver
2014,Qtr 1,February,16,6670.099999999999,Vancouver
2014,Qtr 1,February,17,6667.11,Vancouver
2014,Qtr 1,February,18,6666.960000000001,Vancouver
2014,Qtr 1,February,19,6653.639999999999,Vancouver
2014,Qtr 1,February,20,6671.430000000001,Vancouver
2014,Qtr 1,February,21,6648.91,Vancouver
2014,Qtr 1,February,22,6597.939999999999,Vancouver
2014,Qtr 1,February,23,6565.330000000002,Vancouver
2014,Qtr 1,February,24,6563.389999999999,Vancouver
2014,Qtr 1,February,25,6592.449999999999,Vancouver
2014,Qtr 1,February,26,6621.460000000001,Vancouver
2014,Qtr 1,February,27,6670.8099999999995,Vancouver
2014,Qtr 1,February,28,6687.59,Vancouver
2014,Qtr 1,March,1,6645.300000000001,Vancouver
2014,Qtr 1,March,2,6556.219999999999,Vancouver
2014,Qtr 1,March,3,6627.449999999998,Vancouver
2014,Qtr 1,March,4,6625.685,Vancouver
2014,Qtr 1,March,5,6628.660000000001,Vancouver
2014,Qtr 1,March,6,6718.2300000000005,Vancouver
2014,Qtr 1,March,7,6719.52,Vancouver
2014,Qtr 1,March,8,6731.53,Vancouver
2014,Qtr 1,March,9,6733.8200000000015,Vancouver
2014,Qtr 1,March,10,6720.459999999999,Vancouver
2014,Qtr 1,March,11,6720.129999999998,Vancouver
2014,Qtr 1,March,12,6714.860000000001,Vancouver
2014,Qtr 1,March,13,6694.360000000001,Vancouver
2014,Qtr 1,March,14,6742.789999999999,Vancouver
2014,Qtr 1,March,15,6742.43,Vancouver
2014,Qtr 1,March,16,6733.45,Vancouver
2014,Qtr 1,March,17,6693.45,Vancouver
2014,Qtr 1,March,18,6672.9400000000005,Vancouver
2014,Qtr 1,March,19,6713.839999999998,Vancouver
2014,Qtr 1,March,20,6675.760000000002,Vancouver
2014,Qtr 1,March,21,6668.520000000001,Vancouver
2014,Qtr 1,March,22,6650.550000000001,Vancouver
2014,Qtr 1,March,23,6654.12,Vancouver
2014,Qtr 1,March,24,6728.730000000001,Vancouver
2014,Qtr 1,March,25,6786.99,Vancouver
2014,Qtr 1,March,26,6747.000000000001,Vancouver
2014,Qtr 1,March,27,6739.550000000003,Vancouver
2014,Qtr 1,March,28,6743.46,Vancouver
2014,Qtr 1,March,29,6746.070000000001,Vancouver
2014,Qtr 1,March,30,6738.92,Vancouver
2014,Qtr 1,March,31,6730.620000000001,Vancouver
2014,Qtr 2,April,1,6769.459999999998,Vancouver
2014,Qtr 2,April,2,6756.005,Vancouver
2014,Qtr 2,April,3,6758.490000000001,Vancouver
2014,Qtr 2,April,4,6752.85,Vancouver
2014,Qtr 2,April,5,6751.149999999999,Vancouver
2014,Qtr 2,April,6,6762.509999999999,Vancouver
2014,Qtr 2,April,7,6806.789999999999,Vancouver
2014,Qtr 2,April,8,6841.579999999999,Vancouver
2014,Qtr 2,April,9,6780.610000000001,Vancouver
2014,Qtr 2,April,10,6749.450000000001,Vancouver
2014,Qtr 2,April,11,6799.01,Vancouver
2014,Qtr 2,April,12,6797.79,Vancouver
2014,Qtr 2,April,13,6815.690000000001,Vancouver
2014,Qtr 2,April,14,6823.459999999999,Vancouver
2014,Qtr 2,April,15,6821.879999999999,Vancouver
2014,Qtr 2,April,16,6768.1,Vancouver
2014,Qtr 2,April,17,6786.700000000001,Vancouver
2014,Qtr 2,April,18,6768.050000000002,Vancouver
2014,Qtr 2,April,19,6769.17,Vancouver
2014,Qtr 2,April,20,6775.504833333,Vancouver
2014,Qtr 2,April,21,6786.440000000001,Vancouver
2014,Qtr 2,April,22,6786.760000000002,Vancouver
2014,Qtr 2,April,23,6761.370000000001,Vancouver
2014,Qtr 2,April,24,6776.56,Vancouver
2014,Qtr 2,April,25,6777.6,Vancouver
2014,Qtr 2,April,26,6760.759999999997,Vancouver
2014,Qtr 2,April,27,6775.29,Vancouver
2014,Qtr 2,April,28,6769.460000000002,Vancouver
2014,Qtr 2,April,29,6822.3366000000005,Vancouver
2014,Qtr 2,April,30,6865.938500000001,Vancouver
2014,Qtr 2,May,1,6934.7,Vancouver
2014,Qtr 2,May,2,6924.474499999999,Vancouver
2014,Qtr 2,May,3,6834.253999999998,Vancouver
2014,Qtr 2,May,4,6788.186000000001,Vancouver
2014,Qtr 2,May,5,6787.32,Vancouver
2014,Qtr 2,May,6,6835.409396814001,Vancouver
2014,Qtr 2,May,7,6844.308,Vancouver
2014,Qtr 2,May,8,6861.1399999999985,Vancouver
2014,Qtr 2,May,9,6819.8499999999985,Vancouver
2014,Qtr 2,May,10,6814.049,Vancouver
2014,Qtr 2,May,11,6865.210000000001,Vancouver
2014,Qtr 2,May,12,6897.749999999999,Vancouver
2014,Qtr 2,May,13,6979.973,Vancouver
2014,Qtr 2,May,14,6977.915999999999,Vancouver
2014,Qtr 2,May,15,6996.117,Vancouver
2014,Qtr 2,May,16,6963.868,Vancouver
2014,Qtr 2,May,17,6915.37,Vancouver
2014,Qtr 2,May,18,6894.430000000001,Vancouver
2014,Qtr 2,May,19,6901.290000000001,Vancouver
2014,Qtr 2,May,20,6931.4400000000005,Vancouver
2014,Qtr 2,May,21,6906.72,Vancouver
2014,Qtr 2,May,22,6910.209999999999,Vancouver
2014,Qtr 2,May,23,6914.319999999998,Vancouver
2014,Qtr 2,May,24,6903.669999999999,Vancouver
2014,Qtr 2,May,25,6871.379999999999,Vancouver
2014,Qtr 2,May,26,6864.530000000002,Vancouver
2014,Qtr 2,May,27,6875.87,Vancouver
2014,Qtr 2,May,28,6865.629999999999,Vancouver
2014,Qtr 2,May,29,6859.33,Vancouver
2014,Qtr 2,May,30,6871.649999999999,Vancouver
2014,Qtr 2,May,31,6931.290000000001,Vancouver
2014,Qtr 2,June,1,6933.34,Vancouver
2014,Qtr 2,June,2,6945.730000000001,Vancouver
2014,Qtr 2,June,3,6937.838006134998,Vancouver
2014,Qtr 2,June,4,6915.583452232999,Vancouver
2014,Qtr 2,June,5,6922.8200000000015,Vancouver
2014,Qtr 2,June,6,6939.160000000001,Vancouver
2014,Qtr 2,June,7,6948.540000000001,Vancouver
2014,Qtr 2,June,8,6963.6,Vancouver
2014,Qtr 2,June,9,6945.950000000002,Vancouver
2014,Qtr 2,June,10,6904.143999999999,Vancouver
2014,Qtr 2,June,11,6908.439999999999,Vancouver
2014,Qtr 2,June,12,6957.209999999999,Vancouver
2014,Qtr 2,June,13,6915.760000000001,Vancouver
2014,Qtr 2,June,14,6872.869999999999,Vancouver
2014,Qtr 2,June,15,6858.529999999999,Vancouver
2014,Qtr 2,June,16,6864.93,Vancouver
2014,Qtr 2,June,17,6909.520000000001,Vancouver
2014,Qtr 2,June,18,6917.990000000001,Vancouver
2014,Qtr 2,June,19,6922.81,Vancouver
2014,Qtr 2,June,20,6894.299999999999,Vancouver
2014,Qtr 2,June,21,6901.84,Vancouver
2014,Qtr 2,June,22,6945.769999999999,Vancouver
2014,Qtr 2,June,23,6992.360000000001,Vancouver
2014,Qtr 2,June,24,6951.450000000001,Vancouver
2014,Qtr 2,June,25,6989.350000000002,Vancouver
2014,Qtr 2,June,26,7007.12,Vancouver
2014,Qtr 2,June,27,6947.87,Vancouver
2014,Qtr 2,June,28,6914.609999999999,Vancouver
2014,Qtr 2,June,29,6926.250000000001,Vancouver
2014,Qtr 2,June,30,6940.13,Vancouver
2014,Qtr 3,July,1,7015.910000000001,Vancouver
2014,Qtr 3,July,2,7091.589999999999,Vancouver
2014,Qtr 3,July,3,6991.789999999999,Vancouver
2014,Qtr 3,July,4,6940.34,Vancouver
2014,Qtr 3,July,5,6931.709999999999,Vancouver
2014,Qtr 3,July,6,6964.14,Vancouver
2014,Qtr 3,July,7,7002.15,Vancouver
2014,Qtr 3,July,8,7035.019999999999,Vancouver
2014,Qtr 3,July,9,7024.680000000001,Vancouver
2014,Qtr 3,July,10,7003.719999999999,Vancouver
2014,Qtr 3,July,11,7039.814593843999,Vancouver
2014,Qtr 3,July,12,7076.01,Vancouver
2014,Qtr 3,July,13,7078.000000000002,Vancouver
2014,Qtr 3,July,14,7096.278925091,Vancouver
2014,Qtr 3,July,15,7052.779999999998,Vancouver
2014,Qtr 3,July,16,7066.19,Vancouver
2014,Qtr 3,July,17,7053.780000000001,Vancouver
2014,Qtr 3,July,18,7008.259999999998,Vancouver
2014,Qtr 3,July,19,6999.280000000001,Vancouver
2014,Qtr 3,July,20,6956.089999999999,Vancouver
2014,Qtr 3,July,21,6960.089999999998,Vancouver
2014,Qtr 3,July,22,6997.78,Vancouver
2014,Qtr 3,July,23,6966.320000000001,Vancouver
2014,Qtr 3,July,24,6900.370865748,Vancouver
2014,Qtr 3,July,25,6945.880403853002,Vancouver
2014,Qtr 3,July,26,6993.29,Vancouver
2014,Qtr 3,July,27,7030.630000000002,Vancouver
2014,Qtr 3,July,28,7057.829092699998,Vancouver
2014,Qtr 3,July,29,7072.560000000001,Vancouver
2014,Qtr 3,July,30,7054.68,Vancouver
2014,Qtr 3,July,31,7069.989999999999,Vancouver
2014,Qtr 3,August,1,7073.905,Vancouver
2014,Qtr 3,August,2,7078.975260167001,Vancouver
2014,Qtr 3,August,3,7075.1506375769995,Vancouver
2014,Qtr 3,August,4,7062.639999999998,Vancouver
2014,Qtr 3,August,5,7021.619999999998,Vancouver
2014,Qtr 3,August,6,7036.46,Vancouver
2014,Qtr 3,August,7,7038.600000000001,Vancouver
2014,Qtr 3,August,8,6998.746603401999,Vancouver
2014,Qtr 3,August,9,7007.8401933469995,Vancouver
2014,Qtr 3,August,10,7049.99335832,Vancouver
2014,Qtr 3,August,11,7092.647,Vancouver
2014,Qtr 3,August,12,7087.680000000002,Vancouver
2014,Qtr 3,August,13,7017.93,Vancouver
2014,Qtr 3,August,14,6991.8020000000015,Vancouver
2014,Qtr 3,August,15,6995.473445672999,Vancouver
2014,Qtr 3,August,16,7004.119383742999,Vancouver
2014,Qtr 3,August,17,7009.503482701,Vancouver
2014,Qtr 3,August,18,7019.984967208001,Vancouver
2014,Qtr 3,August,19,7035.159999999999,Vancouver
2014,Qtr 3,August,20,7016.08,Vancouver
2014,Qtr 3,August,21,6986.77,Vancouver
2014,Qtr 3,August,22,6984.079999999999,Vancouver
2014,Qtr 3,August,23,7013.65,Vancouver
2014,Qtr 3,August,24,7019.033544297001,Vancouver
2014,Qtr 3,August,25,7030.53,Vancouver
2014,Qtr 3,August,26,7047.893163265001,Vancouver
2014,Qtr 3,August,27,7067.21,Vancouver
2014,Qtr 3,August,28,7037.585885119999,Vancouver
2014,Qtr 3,August,29,7000.68,Vancouver
2014,Qtr 3,August,30,6953.879999999999,Vancouver
2014,Qtr 3,August,31,6945.669999999999,Vancouver
2014,Qtr 3,September,1,6955.5,Vancouver
2014,Qtr 3,September,2,6937.9400000000005,Vancouver
2014,Qtr 3,September,3,6913.380000000001,Vancouver
2014,Qtr 3,September,4,6921.959999999999,Vancouver
2014,Qtr 3,September,5,6966.619999999999,Vancouver
2014,Qtr 3,September,6,7023.21,Vancouver
2014,Qtr 3,September,7,7019.186836413,Vancouver
2014,Qtr 3,September,8,6997.0700000000015,Vancouver
2014,Qtr 3,September,9,6952.89,Vancouver
2014,Qtr 3,September,10,6958.439999999999,Vancouver
2014,Qtr 3,September,11,6945.09,Vancouver
2014,Qtr 3,September,12,6925.83,Vancouver
2014,Qtr 3,September,13,6977.700633117,Vancouver
2014,Qtr 3,September,14,6975.805213859999,Vancouver
2014,Qtr 3,September,15,6993.509999999998,Vancouver
2014,Qtr 3,September,16,6991.779999999999,Vancouver
2014,Qtr 3,September,17,6976.3899999999985,Vancouver
2014,Qtr 3,September,18,6947.329999999999,Vancouver
2014,Qtr 3,September,19,6944.759999999999,Vancouver
2014,Qtr 3,September,20,6954.740000000002,Vancouver
2014,Qtr 3,September,21,6982.440032695,Vancouver
2014,Qtr 3,September,22,6989.46,Vancouver
2014,Qtr 3,September,23,6941.160000000001,Vancouver
2014,Qtr 3,September,24,6937.48,Vancouver
2014,Qtr 3,September,25,6923.169999999999,Vancouver
2014,Qtr 3,September,26,6906.549999999998,Vancouver
2014,Qtr 3,September,27,6895.84,Vancouver
2014,Qtr 3,September,28,6885.120000000001,Vancouver
2014,Qtr 3,September,29,6879.080000000002,Vancouver
2014,Qtr 3,September,30,6889.537,Vancouver
2014,Qtr 4,October,1,6863.620000000001,Vancouver
2014,Qtr 4,October,2,6832.58,Vancouver
2014,Qtr 4,October,3,6860.280000000001,Vancouver
2014,Qtr 4,October,4,6906.630000000001,Vancouver
2014,Qtr 4,October,5,6920.909999999998,Vancouver
2014,Qtr 4,October,6,6917.49,Vancouver
2014,Qtr 4,October,7,6922.478051496,Vancouver
2014,Qtr 4,October,8,6903.4913020369995,Vancouver
2014,Qtr 4,October,9,6903.410000000001,Vancouver
2014,Qtr 4,October,10,6871.758658354,Vancouver
2014,Qtr 4,October,11,6874.81,Vancouver
2014,Qtr 4,October,12,6845.639999999999,Vancouver
2014,Qtr 4,October,13,6861.706493386,Vancouver
2014,Qtr 4,October,14,6839.625999999999,Vancouver
2014,Qtr 4,October,15,6826.778729902,Vancouver
2014,Qtr 4,October,16,6842.660000000002,Vancouver
2014,Qtr 4,October,17,6846.990000000001,Vancouver
2014,Qtr 4,October,18,6880.5154399680005,Vancouver
2014,Qtr 4,October,19,6913.811174616,Vancouver
2014,Qtr 4,October,20,6907.282000000001,Vancouver
2014,Qtr 4,October,21,6855.359999999999,Vancouver
2014,Qtr 4,October,22,6866.7451521520015,Vancouver
2014,Qtr 4,October,23,6819.5199999999995,Vancouver
2014,Qtr 4,October,24,6790.92,Vancouver
2014,Qtr 4,October,25,6789.07,Vancouver
2014,Qtr 4,October,26,6774.710000000001,Vancouver
2014,Qtr 4,October,27,6772.950000000001,Vancouver
2014,Qtr 4,October,28,6797.07,Vancouver
2014,Qtr 4,October,29,6858.679546979998,Vancouver
2014,Qtr 4,October,30,6831.485316696,Vancouver
2014,Qtr 4,October,31,6807.194742590001,Vancouver
2014,Qtr 4,November,1,6761.776360636,Vancouver
2014,Qtr 4,November,2,6760.432972225999,Vancouver
2014,Qtr 4,November,3,6785.326956327,Vancouver
2014,Qtr 4,November,4,6830.713851678,Vancouver
2014,Qtr 4,November,5,6789.911454113001,Vancouver
2014,Qtr 4,November,6,6843.175914537001,Vancouver
2014,Qtr 4,November,7,6805.741069231,Vancouver
2014,Qtr 4,November,8,6736.953762219,Vancouver
2014,Qtr 4,November,9,6754.698213185999,Vancouver
2014,Qtr 4,November,10,6671.309253458,Vancouver
2014,Qtr 4,November,11,6684.706617302999,Vancouver
2014,Qtr 4,November,12,6653.138282724001,Vancouver
2014,Qtr 4,November,13,6617.64903761,Vancouver
2014,Qtr 4,November,14,6601.341715365,Vancouver
2014,Qtr 4,November,15,6599.309167783998,Vancouver
2014,Qtr 4,November,16,6564.853914789001,Vancouver
2014,Qtr 4,November,17,6588.621858222,Vancouver
2014,Qtr 4,November,18,6583.112159174,Vancouver
2014,Qtr 4,November,19,6669.727826232,Vancouver
2014,Qtr 4,November,20,6684.264721692,Vancouver
2014,Qtr 4,November,21,6760.628644741,Vancouver
2014,Qtr 4,November,22,6741.356715018001,Vancouver
2014,Qtr 4,November,23,6726.956075450002,Vancouver
2014,Qtr 4,November,24,6696.6323409100005,Vancouver
2014,Qtr 4,November,25,6717.1320821009995,Vancouver
2014,Qtr 4,November,26,6702.386150671998,Vancouver
2014,Qtr 4,November,27,6772.873311334999,Vancouver
2014,Qtr 4,November,28,6767.2337571610005,Vancouver
2014,Qtr 4,November,29,6541.150346665,Vancouver
2014,Qtr 4,November,30,6376.90638185,Vancouver
2014,Qtr 4,December,1,6506.617785095001,Vancouver
2014,Qtr 4,December,2,6499.0212906940005,Vancouver
2014,Qtr 4,December,3,6579.629999999998,Vancouver
2014,Qtr 4,December,4,6591.511527410002,Vancouver
2014,Qtr 4,December,5,6646.620123716999,Vancouver
2014,Qtr 4,December,6,6719.840163710999,Vancouver
2014,Qtr 4,December,7,6750.188120340999,Vancouver
2014,Qtr 4,December,8,6746.450084208,Vancouver
2014,Qtr 4,December,9,6793.281869607001,Vancouver
2014,Qtr 4,December,10,6823.333738910002,Vancouver
2014,Qtr 4,December,11,6764.4,Vancouver
2014,Qtr 4,December,12,6772.120999999999,Vancouver
2014,Qtr 4,December,13,6692.469999999999,Vancouver
2014,Qtr 4,December,14,6650.129999999999,Vancouver
2014,Qtr 4,December,15,6620.046147313,Vancouver
2014,Qtr 4,December,16,6669.610921382001,Vancouver
2014,Qtr 4,December,17,6696.947816004001,Vancouver
2014,Qtr 4,December,18,6689.433442632,Vancouver
2014,Qtr 4,December,19,6730.322797925999,Vancouver
2014,Qtr 4,December,20,6723.945158066999,Vancouver
2014,Qtr 4,December,21,6727.240338351001,Vancouver
2014,Qtr 4,December,22,6690.902208329001,Vancouver
2014,Qtr 4,December,23,6685.990920003999,Vancouver
2014,Qtr 4,December,24,6701.0790902009985,Vancouver
2014,Qtr 4,December,25,6665.232370124001,Vancouver
2014,Qtr 4,December,26,6626.294876917999,Vancouver
2014,Qtr 4,December,27,6625.34229959,Vancouver
2014,Qtr 4,December,28,6654.643131286999,Vancouver
2014,Qtr 4,December,29,6622.496324889,Vancouver
2014,Qtr 4,December,30,6560.129800876001,Vancouver
2014,Qtr 4,December,31,6518.235480954001,Vancouver
2015,Qtr 1,January,1,6567.081210266999,Vancouver
2015,Qtr 1,January,2,6601.912638777998,Vancouver
2015,Qtr 1,January,3,6614.650944189,Vancouver
2015,Qtr 1,January,4,6633.466036229999,Vancouver
2015,Qtr 1,January,5,6665.200723982,Vancouver
2015,Qtr 1,January,6,6725.3735022070005,Vancouver
2015,Qtr 1,January,7,6691.906634613999,Vancouver
2015,Qtr 1,January,8,6688.454884362999,Vancouver
2015,Qtr 1,January,9,6687.6960835400005,Vancouver
2015,Qtr 1,January,10,6685.430087894001,Vancouver
2015,Qtr 1,January,11,6699.677696476999,Vancouver
2015,Qtr 1,January,12,6708.162866384,Vancouver
2015,Qtr 1,January,13,6691.453,Vancouver
2015,Qtr 1,January,14,6690.238,Vancouver
2015,Qtr 1,January,15,6680.189401203001,Vancouver
2015,Qtr 1,January,16,6735.3505604639995,Vancouver
2015,Qtr 1,January,17,6715.652999999998,Vancouver
2015,Qtr 1,January,18,6735.347961837002,Vancouver
2015,Qtr 1,January,19,6731.543644911999,Vancouver
2015,Qtr 1,January,20,6705.187139684,Vancouver
2015,Qtr 1,January,21,6686.204823377998,Vancouver
2015,Qtr 1,January,22,6694.053871589,Vancouver
2015,Qtr 1,January,23,6725.660223486999,Vancouver
2015,Qtr 1,January,24,6758.9483362189985,Vancouver
2015,Qtr 1,January,25,6769.621107586,Vancouver
2015,Qtr 1,January,26,6744.053394052,Vancouver
2015,Qtr 1,January,27,6748.503101886,Vancouver
2015,Qtr 1,January,28,6736.048645922001,Vancouver
2015,Qtr 1,January,29,6718.879635365001,Vancouver
2015,Qtr 1,January,30,6715.642148150998,Vancouver
2015,Qtr 1,January,31,6703.936592647002,Vancouver
2015,Qtr 1,February,1,6710.445958424999,Vancouver
2015,Qtr 1,February,2,6708.7059324719985,Vancouver
2015,Qtr 1,February,3,6709.879772646,Vancouver
2015,Qtr 1,February,4,6725.527176684,Vancouver
2015,Qtr 1,February,5,6736.379699743002,Vancouver
2015,Qtr 1,February,6,6787.975119625,Vancouver
2015,Qtr 1,February,7,6777.079073976001,Vancouver
2015,Qtr 1,February,8,6771.436870403,Vancouver
2015,Qtr 1,February,9,6761.892862075002,Vancouver
2015,Qtr 1,February,10,6761.092616766001,Vancouver
2015,Qtr 1,February,11,6752.925164984001,Vancouver
2015,Qtr 1,February,12,6763.190779943999,Vancouver
2015,Qtr 1,February,13,6770.601507811001,Vancouver
2015,Qtr 1,February,14,6769.137305006999,Vancouver
2015,Qtr 1,February,15,6744.946973852001,Vancouver
2015,Qtr 1,February,16,6746.236827617,Vancouver
2015,Qtr 1,February,17,6692.5487466680015,Vancouver
2015,Qtr 1,February,18,6745.1091208630005,Vancouver
2015,Qtr 1,February,19,6740.025244014998,Vancouver
2015,Qtr 1,February,20,6728.1581490630015,Vancouver
2015,Qtr 1,February,21,6724.890822386003,Vancouver
2015,Qtr 1,February,22,6725.531050022,Vancouver
2015,Qtr 1,February,23,6721.049493264998,Vancouver
2015,Qtr 1,February,24,6716.556766624,Vancouver
2015,Qtr 1,February,25,6708.7711184690015,Vancouver
2015,Qtr 1,February,26,6708.154154000001,Vancouver
2015,Qtr 1,February,27,6696.922103862999,Vancouver
2015,Qtr 1,February,28,6734.370226347,Vancouver
2015,Qtr 1,March,1,6673.400588748999,Vancouver
2015,Qtr 1,March,2,6715.785781960002,Vancouver
2015,Qtr 1,March,3,6701.732058129001,Vancouver
2015,Qtr 1,March,4,6640.218628384998,Vancouver
2015,Qtr 1,March,5,6680.488759821998,Vancouver
2015,Qtr 1,March,6,6722.339536150999,Vancouver
2015,Qtr 1,March,7,6734.257110823999,Vancouver
2015,Qtr 1,March,8,6736.543127451,Vancouver
2015,Qtr 1,March,9,6727.464927241999,Vancouver
2015,Qtr 1,March,10,6721.382771529001,Vancouver
2015,Qtr 1,March,11,6776.0294639329995,Vancouver
2015,Qtr 1,March,12,6784.987499999999,Vancouver
2015,Qtr 1,March,13,6792.874999999998,Vancouver
2015,Qtr 1,March,14,6797.6714999999995,Vancouver
2015,Qtr 1,March,15,6744.557,Vancouver
2015,Qtr 1,March,16,6716.1995,Vancouver
2015,Qtr 1,March,17,6703.4095,Vancouver
2015,Qtr 1,March,18,6723.3725,Vancouver
2015,Qtr 1,March,19,6744.308999999999,Vancouver
2015,Qtr 1,March,20,6761.248244182999,Vancouver
2015,Qtr 1,March,21,6765.815499704001,Vancouver
2015,Qtr 1,March,22,6710.5425000000005,Vancouver
2015,Qtr 1,March,23,6725.796499999999,Vancouver
2015,Qtr 1,March,24,6717.936,Vancouver
2015,Qtr 1,March,25,6726.088499999998,Vancouver
2015,Qtr 1,March,26,6798.7395,Vancouver
2015,Qtr 1,March,27,6809.501999999999,Vancouver
2015,Qtr 1,March,28,6792.893999999999,Vancouver
2015,Qtr 1,March,29,6751.626282684001,Vancouver
2015,Qtr 1,March,30,6786.890241816998,Vancouver
2015,Qtr 1,March,31,6772.2474999999995,Vancouver
2015,Qtr 2,April,1,6738.046,Vancouver
2015,Qtr 2,April,2,6700.255499999999,Vancouver
2015,Qtr 2,April,3,6712.8845,Vancouver
2015,Qtr 2,April,4,6678.349000000001,Vancouver
2015,Qtr 2,April,5,6680.849499999999,Vancouver
2015,Qtr 2,April,6,6719.503000000001,Vancouver
2015,Qtr 2,April,7,6719.002499999999,Vancouver
2015,Qtr 2,April,8,6736.178500000001,Vancouver
2015,Qtr 2,April,9,6743.747000000001,Vancouver
2015,Qtr 2,April,10,6752.661499999999,Vancouver
2015,Qtr 2,April,11,6708.807000000002,Vancouver
2015,Qtr 2,April,12,6686.978500000001,Vancouver
2015,Qtr 2,April,13,6686.367499999999,Vancouver
2015,Qtr 2,April,14,6706.271,Vancouver
2015,Qtr 2,April,15,6699.861,Vancouver
2015,Qtr 2,April,16,6712.873,Vancouver
2015,Qtr 2,April,17,6774.416499999998,Vancouver
2015,Qtr 2,April,18,6799.150999999999,Vancouver
2015,Qtr 2,April,19,6809.439,Vancouver
2015,Qtr 2,April,20,6835.927999999999,Vancouver
2015,Qtr 2,April,21,6826.780676736999,Vancouver
2015,Qtr 2,April,22,6774.500269114999,Vancouver
2015,Qtr 2,April,23,6758.0761018079975,Vancouver
2015,Qtr 2,April,24,6726.126321988001,Vancouver
2015,Qtr 2,April,25,6742.755391048,Vancouver
2015,Qtr 2,April,26,6780.262072660998,Vancouver
2015,Qtr 2,April,27,6796.119996338998,Vancouver
2015,Qtr 2,April,28,6835.6756280069985,Vancouver
2015,Qtr 2,April,29,6793.590877026,Vancouver
2015,Qtr 2,April,30,6793.7552038680005,Vancouver
2015,Qtr 2,May,1,6807.610978465998,Vancouver
2015,Qtr 2,May,2,6807.877107552001,Vancouver
2015,Qtr 2,May,3,6822.791866101999,Vancouver
2015,Qtr 2,May,4,6833.034590072002,Vancouver
2015,Qtr 2,May,5,6790.423965349,Vancouver
2015,Qtr 2,May,6,6807.716884058,Vancouver
2015,Qtr 2,May,7,6845.633902503,Vancouver
2015,Qtr 2,May,8,6878.432523194,Vancouver
2015,Qtr 2,May,9,6894.982774796001,Vancouver
2015,Qtr 2,May,10,6895.559371863,Vancouver
2015,Qtr 2,May,11,6886.285174497001,Vancouver
2015,Qtr 2,May,12,6883.698470024998,Vancouver
2015,Qtr 2,May,13,6887.880892389002,Vancouver
2015,Qtr 2,May,14,6853.005849797999,Vancouver
2015,Qtr 2,May,15,6902.918533037002,Vancouver
2015,Qtr 2,May,16,6897.509673387,Vancouver
2015,Qtr 2,May,17,6893.635733326,Vancouver
2015,Qtr 2,May,18,6917.498114321002,Vancouver
2015,Qtr 2,May,19,6950.007919951002,Vancouver
2015,Qtr 2,May,20,6952.755840557,Vancouver
2015,Qtr 2,May,21,6971.358275948999,Vancouver
2015,Qtr 2,May,22,6957.340447677,Vancouver
2015,Qtr 2,May,23,6935.834374874999,Vancouver
2015,Qtr 2,May,24,6915.416055874999,Vancouver
2015,Qtr 2,May,25,6886.793001794001,Vancouver
2015,Qtr 2,May,26,6885.709782053002,Vancouver
2015,Qtr 2,May,27,6930.4120993100005,Vancouver
2015,Qtr 2,May,28,6962.216000000002,Vancouver
2015,Qtr 2,May,29,6983.481000000002,Vancouver
2015,Qtr 2,May,30,6952.031999999999,Vancouver
2015,Qtr 2,May,31,6929.852428443998,Vancouver
2015,Qtr 2,June,1,6988.940000000001,Vancouver
2015,Qtr 2,June,2,6902.029999999999,Vancouver
2015,Qtr 2,June,3,6878.5830000000005,Vancouver
2015,Qtr 2,June,4,6883.793999999999,Vancouver
2015,Qtr 2,June,5,6928.097,Vancouver
2015,Qtr 2,June,6,6966.656999999997,Vancouver
2015,Qtr 2,June,7,6990.252,Vancouver
2015,Qtr 2,June,8,7044.222000000001,Vancouver
2015,Qtr 2,June,9,7032.560000000001,Vancouver
2015,Qtr 2,June,10,6996.759999999999,Vancouver
2015,Qtr 2,June,11,6970.857999999998,Vancouver
2015,Qtr 2,June,12,6935.659,Vancouver
2015,Qtr 2,June,13,6894.734999999999,Vancouver
2015,Qtr 2,June,14,6929.811999999999,Vancouver
2015,Qtr 2,June,15,7009.836000000001,Vancouver
2015,Qtr 2,June,16,7017.229999999999,Vancouver
2015,Qtr 2,June,17,6977.139999999999,Vancouver
2015,Qtr 2,June,18,6953.4039999999995,Vancouver
2015,Qtr 2,June,19,6891.6140000000005,Vancouver
2015,Qtr 2,June,20,6925.998000000001,Vancouver
2015,Qtr 2,June,21,6950.522999999999,Vancouver
2015,Qtr 2,June,22,6960.729,Vancouver
2015,Qtr 2,June,23,6941.985,Vancouver
2015,Qtr 2,June,24,6976.043,Vancouver
2015,Qtr 2,June,25,7003.538999999999,Vancouver
2015,Qtr 2,June,26,7090.71,Vancouver
2015,Qtr 2,June,27,7113.269999999999,Vancouver
2015,Qtr 2,June,28,7154.529999999999,Vancouver
2015,Qtr 2,June,29,7112.84,Vancouver
2015,Qtr 2,June,30,7099.6399999999985,Vancouver
2015,Qtr 3,July,1,7093.570000000001,Vancouver
2015,Qtr 3,July,2,7130.870000000001,Vancouver
2015,Qtr 3,July,3,7121.22,Vancouver
2015,Qtr 3,July,4,7114.4400000000005,Vancouver
2015,Qtr 3,July,5,7134.310000000002,Vancouver
2015,Qtr 3,July,6,7091.04,Vancouver
2015,Qtr 3,July,7,7042.860000000001,Vancouver
2015,Qtr 3,July,8,7044.150000000001,Vancouver
2015,Qtr 3,July,9,7073.4,Vancouver
2015,Qtr 3,July,10,7046.15,Vancouver
2015,Qtr 3,July,11,6999.74,Vancouver
2015,Qtr 3,July,12,6970.139999999999,Vancouver
2015,Qtr 3,July,13,7017.5199999999995,Vancouver
2015,Qtr 3,July,14,7010.410000000001,Vancouver
2015,Qtr 3,July,15,7004.379999999999,Vancouver
2015,Qtr 3,July,16,7019.33,Vancouver
2015,Qtr 3,July,17,7018.68,Vancouver
2015,Qtr 3,July,18,7087.500000000001,Vancouver
2015,Qtr 3,July,19,7131.19,Vancouver
2015,Qtr 3,July,20,7093.639999999999,Vancouver
2015,Qtr 3,July,21,7018.799999999999,Vancouver
2015,Qtr 3,July,22,6980.999999999999,Vancouver
2015,Qtr 3,July,23,6997.989999999999,Vancouver
2015,Qtr 3,July,24,6970.190000000001,Vancouver
2015,Qtr 3,July,25,6956.590000000001,Vancouver
2015,Qtr 3,July,26,6946.56,Vancouver
2015,Qtr 3,July,27,6955.210000000001,Vancouver
2015,Qtr 3,July,28,7003.46,Vancouver
2015,Qtr 3,July,29,7034.14,Vancouver
2015,Qtr 3,July,30,7084.56,Vancouver
2015,Qtr 3,July,31,7098.659999999999,Vancouver
2015,Qtr 3,August,1,7083.179999999999,Vancouver
2015,Qtr 3,August,2,7091.33,Vancouver
2015,Qtr 3,August,3,7053.260000000001,Vancouver
2015,Qtr 3,August,4,7024.62,Vancouver
2015,Qtr 3,August,5,6964.540000000001,Vancouver
2015,Qtr 3,August,6,6951.030000000002,Vancouver
2015,Qtr 3,August,7,6988.56,Vancouver
2015,Qtr 3,August,8,7006.650000000001,Vancouver
2015,Qtr 3,August,9,7010.9400000000005,Vancouver
2015,Qtr 3,August,10,7008.120000000001,Vancouver
2015,Qtr 3,August,11,7043.27,Vancouver
2015,Qtr 3,August,12,7102.76,Vancouver
2015,Qtr 3,August,13,7081.05,Vancouver
2015,Qtr 3,August,14,7007.990000000001,Vancouver
2015,Qtr 3,August,15,6969.74,Vancouver
2015,Qtr 3,August,16,6980.540000000002,Vancouver
2015,Qtr 3,August,17,7001.929999999999,Vancouver
2015,Qtr 3,August,18,7050.5199999999995,Vancouver
2015,Qtr 3,August,19,7085.24,Vancouver
2015,Qtr 3,August,20,7015.289999999999,Vancouver
2015,Qtr 3,August,21,6991,Vancouver
2015,Qtr 3,August,22,6981.469999999999,Vancouver
2015,Qtr 3,August,23,7012.739999999999,Vancouver
2015,Qtr 3,August,24,6993.42,Vancouver
2015,Qtr 3,August,25,6963.64,Vancouver
2015,Qtr 3,August,26,6978.730000000001,Vancouver
2015,Qtr 3,August,27,7022.040000000002,Vancouver
2015,Qtr 3,August,28,7015.939999999999,Vancouver
2015,Qtr 3,August,29,6992.4400000000005,Vancouver
2015,Qtr 3,August,30,6937.25,Vancouver
2015,Qtr 3,August,31,6926.449999999999,Vancouver
2015,Qtr 3,September,1,6921.411866086,Vancouver
2015,Qtr 3,September,2,6875.9,Vancouver
2015,Qtr 3,September,3,6853.080000000001,Vancouver
2015,Qtr 3,September,4,6852.51,Vancouver
2015,Qtr 3,September,5,6878.09,Vancouver
2015,Qtr 3,September,6,6881.34,Vancouver
2015,Qtr 3,September,7,6884.09,Vancouver
2015,Qtr 3,September,8,6944.280000000001,Vancouver
2015,Qtr 3,September,9,6964.739999999999,Vancouver
2015,Qtr 3,September,10,6973.84,Vancouver
2015,Qtr 3,September,11,7000.629999999999,Vancouver
2015,Qtr 3,September,12,6988.630000000002,Vancouver
2015,Qtr 3,September,13,6978.349999999999,Vancouver
2015,Qtr 3,September,14,6885.030000000002,Vancouver
2015,Qtr 3,September,15,6849.930000000001,Vancouver
2015,Qtr 3,September,16,6874.56,Vancouver
2015,Qtr 3,September,17,6886.359999999999,Vancouver
2015,Qtr 3,September,18,6899.869999999999,Vancouver
2015,Qtr 3,September,19,6914.51,Vancouver
2015,Qtr 3,September,20,6967.9,Vancouver
2015,Qtr 3,September,21,6848.129999999999,Vancouver
2015,Qtr 3,September,22,6815.820000000001,Vancouver
2015,Qtr 3,September,23,6841.060000000001,Vancouver
2015,Qtr 3,September,24,6882.3899999999985,Vancouver
2015,Qtr 3,September,25,6874.629999999998,Vancouver
2015,Qtr 3,September,26,6835.09,Vancouver
2015,Qtr 3,September,27,6800.0199999999995,Vancouver
2015,Qtr 3,September,28,6826.77,Vancouver
2015,Qtr 3,September,29,6873.67,Vancouver
2015,Qtr 3,September,30,6864.869999999999,Vancouver
2015,Qtr 4,October,1,6865.170000000001,Vancouver
2015,Qtr 4,October,2,6854.32,Vancouver
2015,Qtr 4,October,3,6871.939999999999,Vancouver
2015,Qtr 4,October,4,6885.49,Vancouver
2015,Qtr 4,October,5,6846.259999999999,Vancouver
2015,Qtr 4,October,6,6855.030000000001,Vancouver
2015,Qtr 4,October,7,6888.83,Vancouver
2015,Qtr 4,October,8,6911.63,Vancouver
2015,Qtr 4,October,9,6934.339999999998,Vancouver
2015,Qtr 4,October,10,6972.650000000001,Vancouver
2015,Qtr 4,October,11,6880.0199999999995,Vancouver
2015,Qtr 4,October,12,6850.8099999999995,Vancouver
2015,Qtr 4,October,13,6856.139999999999,Vancouver
2015,Qtr 4,October,14,6809.09,Vancouver
2015,Qtr 4,October,15,6854.539999999999,Vancouver
2015,Qtr 4,October,16,6870.65,Vancouver
2015,Qtr 4,October,17,6880.389999999999,Vancouver
2015,Qtr 4,October,18,6855.759999999998,Vancouver
2015,Qtr 4,October,19,6853.759999999999,Vancouver
2015,Qtr 4,October,20,6844.45,Vancouver
2015,Qtr 4,October,21,6800.289999999999,Vancouver
2015,Qtr 4,October,22,6819.9800000000005,Vancouver
2015,Qtr 4,October,23,6758.969999999999,Vancouver
2015,Qtr 4,October,24,6727.25,Vancouver
2015,Qtr 4,October,25,6793.329999999999,Vancouver
2015,Qtr 4,October,26,6822.530000000001,Vancouver
2015,Qtr 4,October,27,6799.416209023,Vancouver
2015,Qtr 4,October,28,6781.573110900002,Vancouver
2015,Qtr 4,October,29,6804.676191601999,Vancouver
2015,Qtr 4,October,30,6814.830340901999,Vancouver
2015,Qtr 4,October,31,6812.869872449999,Vancouver
2015,Qtr 4,November,1,6772.372805513999,Vancouver
2015,Qtr 4,November,2,6736.202872728998,Vancouver
2015,Qtr 4,November,3,6695.113509647001,Vancouver
2015,Qtr 4,November,4,6679.292131189,Vancouver
2015,Qtr 4,November,5,6742.8017121779985,Vancouver
2015,Qtr 4,November,6,6697.981415891999,Vancouver
2015,Qtr 4,November,7,6772.000499380999,Vancouver
2015,Qtr 4,November,8,6739.692147416999,Vancouver
2015,Qtr 4,November,9,6696.015952697001,Vancouver
2015,Qtr 4,November,10,6661.601722777999,Vancouver
2015,Qtr 4,November,11,6732.635636192001,Vancouver
2015,Qtr 4,November,12,6692.5917557110015,Vancouver
2015,Qtr 4,November,13,6752.511237177998,Vancouver
2015,Qtr 4,November,14,6730.574608104001,Vancouver
2015,Qtr 4,November,15,6688.158756858,Vancouver
2015,Qtr 4,November,16,6628.038601195999,Vancouver
2015,Qtr 4,November,17,6711.263641561,Vancouver
2015,Qtr 4,November,18,6672.431626735999,Vancouver
2015,Qtr 4,November,19,6639.725436623001,Vancouver
2015,Qtr 4,November,20,6578.332210426001,Vancouver
2015,Qtr 4,November,21,6567.352784727002,Vancouver
2015,Qtr 4,November,22,6575.752777956001,Vancouver
2015,Qtr 4,November,23,6629.01159105,Vancouver
2015,Qtr 4,November,24,6660.634731024,Vancouver
2015,Qtr 4,November,25,6576.6683150989975,Vancouver
2015,Qtr 4,November,26,6572.290482167002,Vancouver
2015,Qtr 4,November,27,6564.403846687,Vancouver
2015,Qtr 4,November,28,6540.479376393,Vancouver
2015,Qtr 4,November,29,6524.281543353001,Vancouver
2015,Qtr 4,November,30,6494.916735203001,Vancouver
2015,Qtr 4,December,1,6642.342320125999,Vancouver
2015,Qtr 4,December,2,6683.605686971001,Vancouver
2015,Qtr 4,December,3,6765.665978052,Vancouver
2015,Qtr 4,December,4,6713.23008345,Vancouver
2015,Qtr 4,December,5,6724.145754699,Vancouver
2015,Qtr 4,December,6,6739.072308857999,Vancouver
2015,Qtr 4,December,7,6736.720161318,Vancouver
2015,Qtr 4,December,8,6749.212880711998,Vancouver
2015,Qtr 4,December,9,6734.228681898,Vancouver
2015,Qtr 4,December,10,6711.0705473650005,Vancouver
2015,Qtr 4,December,11,6689.562441964,Vancouver
2015,Qtr 4,December,12,6630.280269936,Vancouver
2015,Qtr 4,December,13,6700.097741539,Vancouver
2015,Qtr 4,December,14,6670.300065308999,Vancouver
2015,Qtr 4,December,15,6623.178544179998,Vancouver
2015,Qtr 4,December,16,6616.148499484001,Vancouver
2015,Qtr 4,December,17,6573.198321570001,Vancouver
2015,Qtr 4,December,18,6609.735708539001,Vancouver
2015,Qtr 4,December,19,6641.418566227,Vancouver
2015,Qtr 4,December,20,6704.912317890001,Vancouver
2015,Qtr 4,December,21,6651.686240367999,Vancouver
2015,Qtr 4,December,22,6616.928898523,Vancouver
2015,Qtr 4,December,23,6617.997321339001,Vancouver
2015,Qtr 4,December,24,6618.903075511,Vancouver
2015,Qtr 4,December,25,6594.940216441001,Vancouver
2015,Qtr 4,December,26,6565.358402958001,Vancouver
2015,Qtr 4,December,27,6605.328300369,Vancouver
2015,Qtr 4,December,28,6597.406308906,Vancouver
2015,Qtr 4,December,29,6592.294621010999,Vancouver
2015,Qtr 4,December,30,6534.532134936,Vancouver
2015,Qtr 4,December,31,6492.981851036999,Vancouver
2016,Qtr 1,January,1,6491.549613858,Vancouver
2016,Qtr 1,January,2,6487.482121499001,Vancouver
2016,Qtr 1,January,3,6491.196525595001,Vancouver
2016,Qtr 1,January,4,6543.943226539999,Vancouver
2016,Qtr 1,January,5,6549.294596954998,Vancouver
2016,Qtr 1,January,6,6617.8506075780015,Vancouver
2016,Qtr 1,January,7,6611.082344314001,Vancouver
2016,Qtr 1,January,8,6625.392951486002,Vancouver
2016,Qtr 1,January,9,6599.257947606,Vancouver
2016,Qtr 1,January,10,6581.32030005,Vancouver
2016,Qtr 1,January,11,6565.981473688,Vancouver
2016,Qtr 1,January,12,6620.730798281,Vancouver
2016,Qtr 1,January,13,6719.678297936998,Vancouver
2016,Qtr 1,January,14,6632.879931135001,Vancouver
2016,Qtr 1,January,15,6558.357035619001,Vancouver
2016,Qtr 1,January,16,6647.044415671,Vancouver
2016,Qtr 1,January,17,6695.009393943,Vancouver
2016,Qtr 1,January,18,6729.447391728001,Vancouver
2016,Qtr 1,January,19,6724.371337946999,Vancouver
2016,Qtr 1,January,20,6659.583437176,Vancouver
2016,Qtr 1,January,21,6724.847701564999,Vancouver
2016,Qtr 1,January,22,6747.179998036,Vancouver
2016,Qtr 1,January,23,6684.611888535001,Vancouver
2016,Qtr 1,January,24,6663.43199394,Vancouver
2016,Qtr 1,January,25,6644.268733000001,Vancouver
2016,Qtr 1,January,26,6720.966515681,Vancouver
2016,Qtr 1,January,27,6785.034399699,Vancouver
2016,Qtr 1,January,28,6831.805394034001,Vancouver
2016,Qtr 1,January,29,6686.969876475,Vancouver
2016,Qtr 1,January,30,6642.452145350001,Vancouver
2016,Qtr 1,January,31,6615.579365006999,Vancouver
2016,Qtr 1,February,1,6648.239842682002,Vancouver
2016,Qtr 1,February,2,6648.01289069,Vancouver
2016,Qtr 1,February,3,6662.873217408999,Vancouver
2016,Qtr 1,February,4,6657.779386294999,Vancouver
2016,Qtr 1,February,5,6740.287313593,Vancouver
2016,Qtr 1,February,6,6727.5999999999985,Vancouver
2016,Qtr 1,February,7,6620.69,Vancouver
2016,Qtr 1,February,8,6701.939999999998,Vancouver
2016,Qtr 1,February,9,6717.41,Vancouver
2016,Qtr 1,February,10,6740.050711572999,Vancouver
2016,Qtr 1,February,11,6742.658226567998,Vancouver
2016,Qtr 1,February,12,6781.571216506,Vancouver
2016,Qtr 1,February,13,6743.724542488,Vancouver
2016,Qtr 1,February,14,6702.582379216001,Vancouver
2016,Qtr 1,February,15,6747.895217060998,Vancouver
2016,Qtr 1,February,16,6756.258697818001,Vancouver
2016,Qtr 1,February,17,6710.881722587999,Vancouver
2016,Qtr 1,February,18,6720.2917872,Vancouver
2016,Qtr 1,February,19,6717.703338049001,Vancouver
2016,Qtr 1,February,20,6712.220046195,Vancouver
2016,Qtr 1,February,21,6641.380603013,Vancouver
2016,Qtr 1,February,22,6709.630505587,Vancouver
2016,Qtr 1,February,23,6666.483561034999,Vancouver
2016,Qtr 1,February,24,6731.748675206,Vancouver
2016,Qtr 1,February,25,6727.465829218,Vancouver
2016,Qtr 1,February,26,6734.556558381999,Vancouver
2016,Qtr 1,February,27,6756.042443925,Vancouver
2016,Qtr 1,February,28,6771.542655515,Vancouver
2016,Qtr 1,February,29,6741.416304883,Vancouver
2016,Qtr 1,March,1,6741.579189362,Vancouver
2016,Qtr 1,March,2,6766.950497920001,Vancouver
2016,Qtr 1,March,3,6787.662367705,Vancouver
2016,Qtr 1,March,4,6792.465181263002,Vancouver
2016,Qtr 1,March,5,6807.578574771999,Vancouver
2016,Qtr 1,March,6,6820.2955353649995,Vancouver
2016,Qtr 1,March,7,6739.344904092001,Vancouver
2016,Qtr 1,March,8,6721.75489182,Vancouver
2016,Qtr 1,March,9,6733.894809594001,Vancouver
2016,Qtr 1,March,10,6783.607840549002,Vancouver
2016,Qtr 1,March,11,6743.560123129,Vancouver
2016,Qtr 1,March,12,6758.340946765999,Vancouver
2016,Qtr 1,March,13,6718.416117875,Vancouver
2016,Qtr 1,March,14,6706.293513279,Vancouver
2016,Qtr 1,March,15,6705.5780923719985,Vancouver
2016,Qtr 1,March,16,6711.0415780739995,Vancouver
2016,Qtr 1,March,17,6695.070475512998,Vancouver
2016,Qtr 1,March,18,6749.078060176001,Vancouver
2016,Qtr 1,March,19,6771.709260345998,Vancouver
2016,Qtr 1,March,20,6800.657511097,Vancouver
2016,Qtr 1,March,21,6806.43818517,Vancouver
2016,Qtr 1,March,22,6780.937275586003,Vancouver
2016,Qtr 1,March,23,6771.768492926998,Vancouver
2016,Qtr 1,March,24,6750.988435012001,Vancouver
2016,Qtr 1,March,25,6738.062922455002,Vancouver
2016,Qtr 1,March,26,6736.502145754999,Vancouver
2016,Qtr 1,March,27,6769.020676658,Vancouver
2016,Qtr 1,March,28,6731.110776754999,Vancouver
2016,Qtr 1,March,29,6754.131601615,Vancouver
2016,Qtr 1,March,30,6807.014148007001,Vancouver
2016,Qtr 1,March,31,6832.255802040999,Vancouver
2016,Qtr 2,April,1,6854.179935025,Vancouver
2016,Qtr 2,April,2,6836.061794463999,Vancouver
2016,Qtr 2,April,3,6815.557850154,Vancouver
2016,Qtr 2,April,4,6841.018742006,Vancouver
2016,Qtr 2,April,5,6772.351519923,Vancouver
2016,Qtr 2,April,6,6829.150744325001,Vancouver
2016,Qtr 2,April,7,6858.858951470999,Vancouver
2016,Qtr 2,April,8,6881.029090151001,Vancouver
2016,Qtr 2,April,9,6850.092997596999,Vancouver
2016,Qtr 2,April,10,6809.6471743659995,Vancouver
2016,Qtr 2,April,11,6824.544438372999,Vancouver
2016,Qtr 2,April,12,6807.379775567,Vancouver
2016,Qtr 2,April,13,6763.987608072,Vancouver
2016,Qtr 2,April,14,6784.820654447999,Vancouver
2016,Qtr 2,April,15,6792.550532746,Vancouver
2016,Qtr 2,April,16,6800.7295920999995,Vancouver
2016,Qtr 2,April,17,6834.06745835,Vancouver
2016,Qtr 2,April,18,6903.926729313,Vancouver
2016,Qtr 2,April,19,6932.695072998001,Vancouver
2016,Qtr 2,April,20,6941.164606835999,Vancouver
2016,Qtr 2,April,21,6901.964,Vancouver
2016,Qtr 2,April,22,6874.938311415,Vancouver
2016,Qtr 2,April,23,6884.994958841,Vancouver
2016,Qtr 2,April,24,6839.878031396001,Vancouver
2016,Qtr 2,April,25,6803.971480851002,Vancouver
2016,Qtr 2,April,26,6800.969906407001,Vancouver
2016,Qtr 2,April,27,6833.213565775999,Vancouver
2016,Qtr 2,April,28,6854.482801583999,Vancouver
2016,Qtr 2,April,29,6869.100000000001,Vancouver
2016,Qtr 2,April,30,6844.4800000000005,Vancouver
2016,Qtr 2,May,1,6890.09,Vancouver
2016,Qtr 2,May,2,6967.760000000001,Vancouver
2016,Qtr 2,May,3,7020.399999999998,Vancouver
2016,Qtr 2,May,4,6890.4400000000005,Vancouver
2016,Qtr 2,May,5,6873.469999999999,Vancouver
2016,Qtr 2,May,6,6947.86,Vancouver
2016,Qtr 2,May,7,6981.679999999999,Vancouver
2016,Qtr 2,May,8,6919.480000000001,Vancouver
2016,Qtr 2,May,9,6851.529999999999,Vancouver
2016,Qtr 2,May,10,6896.360000000001,Vancouver
2016,Qtr 2,May,11,6955.030000000001,Vancouver
2016,Qtr 2,May,12,6927,Vancouver
2016,Qtr 2,May,13,6981.949999999999,Vancouver
2016,Qtr 2,May,14,7008.75,Vancouver
2016,Qtr 2,May,15,6910.88,Vancouver
2016,Qtr 2,May,16,6881.890000000001,Vancouver
2016,Qtr 2,May,17,6905.41,Vancouver
2016,Qtr 2,May,18,6934.880000000001,Vancouver
2016,Qtr 2,May,19,6852.929999999999,Vancouver
2016,Qtr 2,May,20,6869.200000000001,Vancouver
2016,Qtr 2,May,21,6906.499999999998,Vancouver
2016,Qtr 2,May,22,6897.0199999999995,Vancouver
2016,Qtr 2,May,23,6907.83,Vancouver
2016,Qtr 2,May,24,6916.01,Vancouver
2016,Qtr 2,May,25,6921.5199999999995,Vancouver
2016,Qtr 2,May,26,6891.970000000001,Vancouver
2016,Qtr 2,May,27,6840.0700000000015,Vancouver
2016,Qtr 2,May,28,6826.409999999998,Vancouver
2016,Qtr 2,May,29,6864.490000000002,Vancouver
2016,Qtr 2,May,30,6896.85,Vancouver
2016,Qtr 2,May,31,6943.509999999998,Vancouver
2016,Qtr 2,June,1,6982.8499999999985,Vancouver
2016,Qtr 2,June,2,6929.16,Vancouver
2016,Qtr 2,June,3,6962.54,Vancouver
2016,Qtr 2,June,4,7035.29,Vancouver
2016,Qtr 2,June,5,7097.389999999999,Vancouver
2016,Qtr 2,June,6,7094.939999999999,Vancouver
2016,Qtr 2,June,7,7030.610000000001,Vancouver
2016,Qtr 2,June,8,6985.299999999999,Vancouver
2016,Qtr 2,June,9,6905.790000000001,Vancouver
2016,Qtr 2,June,10,6890.199999999999,Vancouver
2016,Qtr 2,June,11,6866.179999999999,Vancouver
2016,Qtr 2,June,12,6893.15,Vancouver
2016,Qtr 2,June,13,6913.01,Vancouver
2016,Qtr 2,June,14,6831.71,Vancouver
2016,Qtr 2,June,15,6816.474000000001,Vancouver
2016,Qtr 2,June,16,6859.45,Vancouver
2016,Qtr 2,June,17,6914.269999999999,Vancouver
2016,Qtr 2,June,18,6923.3099999999995,Vancouver
2016,Qtr 2,June,19,6871.950000000002,Vancouver
2016,Qtr 2,June,20,6936.35,Vancouver
2016,Qtr 2,June,21,6967.62,Vancouver
2016,Qtr 2,June,22,6952.209999999999,Vancouver
2016,Qtr 2,June,23,6921.540000000001,Vancouver
2016,Qtr 2,June,24,6911.2699999999995,Vancouver
2016,Qtr 2,June,25,6936.98,Vancouver
2016,Qtr 2,June,26,6973.139999999999,Vancouver
2016,Qtr 2,June,27,7043.240000000002,Vancouver
2016,Qtr 2,June,28,7030.56,Vancouver
2016,Qtr 2,June,29,7005.93,Vancouver
2016,Qtr 2,June,30,6970.240000000001,Vancouver
2016,Qtr 3,July,1,6955.6100000000015,Vancouver
2016,Qtr 3,July,2,6995.300000000001,Vancouver
2016,Qtr 3,July,3,6998.469999999999,Vancouver
2016,Qtr 3,July,4,6955.709999999999,Vancouver
2016,Qtr 3,July,5,6929.469999999999,Vancouver
2016,Qtr 3,July,6,6930.63,Vancouver
2016,Qtr 3,July,7,6955.469999999999,Vancouver
2016,Qtr 3,July,8,6943.31,Vancouver
2016,Qtr 3,July,9,6954.950000000001,Vancouver
2016,Qtr 3,July,10,6951.379999999999,Vancouver
2016,Qtr 3,July,11,6963.439999999999,Vancouver
2016,Qtr 3,July,12,6958.540000000001,Vancouver
2016,Qtr 3,July,13,6983.5599999999995,Vancouver
2016,Qtr 3,July,14,6954.162,Vancouver
2016,Qtr 3,July,15,6946.251999999999,Vancouver
2016,Qtr 3,July,16,6967.615000000002,Vancouver
2016,Qtr 3,July,17,6989.078,Vancouver
2016,Qtr 3,July,18,6964.803999999999,Vancouver
2016,Qtr 3,July,19,6986.111999999999,Vancouver
2016,Qtr 3,July,20,6995.140000000001,Vancouver
2016,Qtr 3,July,21,7007.756,Vancouver
2016,Qtr 3,July,22,7042.13,Vancouver
2016,Qtr 3,July,23,6993.400000000001,Vancouver
2016,Qtr 3,July,24,7001.81,Vancouver
2016,Qtr 3,July,25,7048.51,Vancouver
2016,Qtr 3,July,26,7043.95,Vancouver
2016,Qtr 3,July,27,7041.539999999999,Vancouver
2016,Qtr 3,July,28,7080.010000000001,Vancouver
2016,Qtr 3,July,29,7086.849999999999,Vancouver
2016,Qtr 3,July,30,7043.940000000001,Vancouver
2016,Qtr 3,July,31,6991.030000000001,Vancouver
2016,Qtr 3,August,1,6993.580000000001,Vancouver
2016,Qtr 3,August,2,6966.81,Vancouver
2016,Qtr 3,August,3,6947.99,Vancouver
2016,Qtr 3,August,4,6997.02,Vancouver
2016,Qtr 3,August,5,7013.06,Vancouver
2016,Qtr 3,August,6,6964.029999999999,Vancouver
2016,Qtr 3,August,7,6941.679999999998,Vancouver
2016,Qtr 3,August,8,6961.009999999998,Vancouver
2016,Qtr 3,August,9,6957.980999999998,Vancouver
2016,Qtr 3,August,10,6985.851,Vancouver
2016,Qtr 3,August,11,7023.59,Vancouver
2016,Qtr 3,August,12,7087.36,Vancouver
2016,Qtr 3,August,13,7112.67,Vancouver
2016,Qtr 3,August,14,7085.300000000001,Vancouver
2016,Qtr 3,August,15,7051.509999999998,Vancouver
2016,Qtr 3,August,16,7054.929999999999,Vancouver
2016,Qtr 3,August,17,7053.380000000001,Vancouver
2016,Qtr 3,August,18,7100.329291339,Vancouver
2016,Qtr 3,August,19,7178.599999999999,Vancouver
2016,Qtr 3,August,20,7108.029999999999,Vancouver
2016,Qtr 3,August,21,7039.14,Vancouver
2016,Qtr 3,August,22,6953.67,Vancouver
2016,Qtr 3,August,23,6956.69,Vancouver
2016,Qtr 3,August,24,7029.04,Vancouver
2016,Qtr 3,August,25,7080.540000000001,Vancouver
2016,Qtr 3,August,26,7100.889999999999,Vancouver
2016,Qtr 3,August,27,7061.35,Vancouver
2016,Qtr 3,August,28,6966.3,Vancouver
2016,Qtr 3,August,29,6945.95,Vancouver
2016,Qtr 3,August,30,6982.459999999998,Vancouver
2016,Qtr 3,August,31,6960.2,Vancouver
2016,Qtr 3,September,1,6926.882974444,Vancouver
2016,Qtr 3,September,2,6897.540000000001,Vancouver
2016,Qtr 3,September,3,6899.88,Vancouver
2016,Qtr 3,September,4,6892.9,Vancouver
2016,Qtr 3,September,5,6899.09,Vancouver
2016,Qtr 3,September,6,6892.71,Vancouver
2016,Qtr 3,September,7,6910.24,Vancouver
2016,Qtr 3,September,8,6907.47,Vancouver
2016,Qtr 3,September,9,6902.62,Vancouver
2016,Qtr 3,September,10,6966.64,Vancouver
2016,Qtr 3,September,11,6948.599999999999,Vancouver
2016,Qtr 3,September,12,6935.79,Vancouver
2016,Qtr 3,September,13,6928.770000000001,Vancouver
2016,Qtr 3,September,14,6934.030000000002,Vancouver
2016,Qtr 3,September,15,6936.3899999999985,Vancouver
2016,Qtr 3,September,16,6941.350000000001,Vancouver
2016,Qtr 3,September,17,6902.77,Vancouver
2016,Qtr 3,September,18,6912.119999999999,Vancouver
2016,Qtr 3,September,19,6895.059999999999,Vancouver
2016,Qtr 3,September,20,6884.71,Vancouver
2016,Qtr 3,September,21,6892.739,Vancouver
2016,Qtr 3,September,22,6907.81,Vancouver
2016,Qtr 3,September,23,6860.94,Vancouver
2016,Qtr 3,September,24,6849.840000000001,Vancouver
2016,Qtr 3,September,25,6892.38,Vancouver
2016,Qtr 3,September,26,6910.480000000001,Vancouver
2016,Qtr 3,September,27,6926.711542986,Vancouver
2016,Qtr 3,September,28,6876.7699999999995,Vancouver
2016,Qtr 3,September,29,6846.219999999999,Vancouver
2016,Qtr 3,September,30,6812.87,Vancouver
2016,Qtr 4,October,1,6822.220000000001,Vancouver
2016,Qtr 4,October,2,6847.389999999999,Vancouver
2016,Qtr 4,October,3,6812.369999999998,Vancouver
2016,Qtr 4,October,4,6834.99,Vancouver
2016,Qtr 4,October,5,6831.339999999999,Vancouver
2016,Qtr 4,October,6,6797.477000000001,Vancouver
2016,Qtr 4,October,7,6821.208999999999,Vancouver
2016,Qtr 4,October,8,6779.823764381001,Vancouver
2016,Qtr 4,October,9,6790.095000000002,Vancouver
2016,Qtr 4,October,10,6748.1500000000015,Vancouver
2016,Qtr 4,October,11,6731.842,Vancouver
2016,Qtr 4,October,12,6719.324999999999,Vancouver
2016,Qtr 4,October,13,6802.6910000000025,Vancouver
2016,Qtr 4,October,14,6814.865087971,Vancouver
2016,Qtr 4,October,15,6805.289999999999,Vancouver
2016,Qtr 4,October,16,6802.573000000001,Vancouver
2016,Qtr 4,October,17,6772.008000000002,Vancouver
2016,Qtr 4,October,18,6777.994,Vancouver
2016,Qtr 4,October,19,6778.881284701999,Vancouver
2016,Qtr 4,October,20,6767.543331566999,Vancouver
2016,Qtr 4,October,21,6759.404662986,Vancouver
2016,Qtr 4,October,22,6772.305992410003,Vancouver
2016,Qtr 4,October,23,6792.507,Vancouver
2016,Qtr 4,October,24,6811.683999999999,Vancouver
2016,Qtr 4,October,25,6806.728999999998,Vancouver
2016,Qtr 4,October,26,6786.956000000001,Vancouver
2016,Qtr 4,October,27,6805.179000000001,Vancouver
2016,Qtr 4,October,28,6799.768000000001,Vancouver
2016,Qtr 4,October,29,6771.719,Vancouver
2016,Qtr 4,October,30,6760.905999999997,Vancouver
2016,Qtr 4,October,31,6759.008999999999,Vancouver
2016,Qtr 4,November,1,6770.889999999999,Vancouver
2016,Qtr 4,November,2,6805.84,Vancouver
2016,Qtr 4,November,3,6816.040000000001,Vancouver
2016,Qtr 4,November,4,6758.780000000001,Vancouver
2016,Qtr 4,November,5,6847.110000000001,Vancouver
2016,Qtr 4,November,6,6808.799999999999,Vancouver
2016,Qtr 4,November,7,6834.829999999999,Vancouver
2016,Qtr 4,November,8,6835.709999999999,Vancouver
2016,Qtr 4,November,9,6845.710000000001,Vancouver
2016,Qtr 4,November,10,6792.73,Vancouver
2016,Qtr 4,November,11,6817.719999999999,Vancouver
2016,Qtr 4,November,12,6833.34,Vancouver
2016,Qtr 4,November,13,6781.390000000002,Vancouver
2016,Qtr 4,November,14,6795.3099999999995,Vancouver
2016,Qtr 4,November,15,6736.919999999999,Vancouver
2016,Qtr 4,November,16,6731.110000000001,Vancouver
2016,Qtr 4,November,17,6712.719999999999,Vancouver
2016,Qtr 4,November,18,6662.780000000001,Vancouver
2016,Qtr 4,November,19,6650.540000000001,Vancouver
2016,Qtr 4,November,20,6727.400000000001,Vancouver
2016,Qtr 4,November,21,6776.970000000001,Vancouver
2016,Qtr 4,November,22,6709.370000000001,Vancouver
2016,Qtr 4,November,23,6705.450000000001,Vancouver
2016,Qtr 4,November,24,6713.623574075001,Vancouver
2016,Qtr 4,November,25,6671.210000000002,Vancouver
2016,Qtr 4,November,26,6659.25,Vancouver
2016,Qtr 4,November,27,6657.84,Vancouver
2016,Qtr 4,November,28,6676.490000000001,Vancouver
2016,Qtr 4,November,29,6645.419999999998,Vancouver
2016,Qtr 4,November,30,6681.139999999999,Vancouver
2016,Qtr 4,December,1,6613.74,Vancouver
2016,Qtr 4,December,2,6634.140000000001,Vancouver
2016,Qtr 4,December,3,6678.210000000002,Vancouver
2016,Qtr 4,December,4,6639.670921463001,Vancouver
2016,Qtr 4,December,5,6588.650000000001,Vancouver
2016,Qtr 4,December,6,6526.030000000001,Vancouver
2016,Qtr 4,December,7,6469.849999999999,Vancouver
2016,Qtr 4,December,8,6391.52,Vancouver
2016,Qtr 4,December,9,6465.461933214,Vancouver
2016,Qtr 4,December,10,6533.0599999999995,Vancouver
2016,Qtr 4,December,11,6600.94,Vancouver
2016,Qtr 4,December,12,6544.299999999999,Vancouver
2016,Qtr 4,December,13,6473.7,Vancouver
2016,Qtr 4,December,14,6437.52,Vancouver
2016,Qtr 4,December,15,6440.820000000001,Vancouver
2016,Qtr 4,December,16,6442.379999999998,Vancouver
2016,Qtr 4,December,17,6378.360000000001,Vancouver
2016,Qtr 4,December,18,6399.240000000001,Vancouver
2016,Qtr 4,December,19,6594.710000000001,Vancouver
2016,Qtr 4,December,20,6658.709999999999,Vancouver
2016,Qtr 4,December,21,6660.900000000001,Vancouver
2016,Qtr 4,December,22,6615.679999999999,Vancouver
2016,Qtr 4,December,23,6614.259999999998,Vancouver
2016,Qtr 4,December,24,6569.43,Vancouver
2016,Qtr 4,December,25,6560.930000000001,Vancouver
2016,Qtr 4,December,26,6524.01,Vancouver
2016,Qtr 4,December,27,6594.300000000001,Vancouver
2016,Qtr 4,December,28,6627.2300000000005,Vancouver
2016,Qtr 4,December,29,6608.75,Vancouver
2016,Qtr 4,December,30,6620.79,Vancouver
2016,Qtr 4,December,31,6584.8099999999995,Vancouver
2017,Qtr 1,January,1,6582.749999999999,Vancouver
2017,Qtr 1,January,2,6515.200000000001,Vancouver
2017,Qtr 1,January,3,6449.8099999999995,Vancouver
2017,Qtr 1,January,4,6437.779999999999,Vancouver
2017,Qtr 1,January,5,6418.750000000001,Vancouver
2017,Qtr 1,January,6,6435.680000000001,Vancouver
2017,Qtr 1,January,7,6449.1900000000005,Vancouver
2017,Qtr 1,January,8,6561.24,Vancouver
2017,Qtr 1,January,9,6611.16,Vancouver
2017,Qtr 1,January,10,6581.540000000001,Vancouver
2017,Qtr 1,January,11,6497.060000000001,Vancouver
2017,Qtr 1,January,12,6438.03,Vancouver
2017,Qtr 1,January,13,6447.789999999999,Vancouver
2017,Qtr 1,January,14,6492.280000000001,Vancouver
2017,Qtr 1,January,15,6544.129999999999,Vancouver
2017,Qtr 1,January,16,6584.93,Vancouver
2017,Qtr 1,January,17,6642.389999999999,Vancouver
2017,Qtr 1,January,18,6693.420000000001,Vancouver
2017,Qtr 1,January,19,6678.8099999999995,Vancouver
2017,Qtr 1,January,20,6649.870000000001,Vancouver
2017,Qtr 1,January,21,6646.75,Vancouver
2017,Qtr 1,January,22,6653.400000000001,Vancouver
2017,Qtr 1,January,23,6625.210000000001,Vancouver
2017,Qtr 1,January,24,6601.687,Vancouver
2017,Qtr 1,January,25,6615.376,Vancouver
2017,Qtr 1,January,26,6577.2300000000005,Vancouver
2017,Qtr 1,January,27,6594,Vancouver
2017,Qtr 1,January,28,6642.779999999999,Vancouver
2017,Qtr 1,January,29,6671.889999999999,Vancouver
2017,Qtr 1,January,30,6677.200000000001,Vancouver
2017,Qtr 1,January,31,6620.87,Vancouver
2017,Qtr 1,February,1,6577.9000000000015,Vancouver
2017,Qtr 1,February,2,6562.999999999998,Vancouver
2017,Qtr 1,February,3,6536.62,Vancouver
2017,Qtr 1,February,4,6548.870000000001,Vancouver
2017,Qtr 1,February,5,6551.96,Vancouver
2017,Qtr 1,February,6,6521.7699999999995,Vancouver
2017,Qtr 1,February,7,6514.680000000002,Vancouver
2017,Qtr 1,February,8,6475.7300000000005,Vancouver
2017,Qtr 1,February,9,6548.88,Vancouver
2017,Qtr 1,February,10,6696.189999999999,Vancouver
2017,Qtr 1,February,11,6657.470000000001,Vancouver
2017,Qtr 1,February,12,6634.279999999999,Vancouver
2017,Qtr 1,February,13,6631.334768351,Vancouver
2017,Qtr 1,February,14,6642.130959382,Vancouver
2017,Qtr 1,February,15,6746.660999999998,Vancouver
2017,Qtr 1,February,16,6782.062000000002,Vancouver
2017,Qtr 1,February,17,6705.8960000000025,Vancouver
2017,Qtr 1,February,18,6662.913000000001,Vancouver
2017,Qtr 1,February,19,6650.534000000001,Vancouver
2017,Qtr 1,February,20,6674.041,Vancouver
2017,Qtr 1,February,21,6683.521161861001,Vancouver
2017,Qtr 1,February,22,6671.43,Vancouver
2017,Qtr 1,February,23,6615.579999999998,Vancouver
2017,Qtr 1,February,24,6591.43,Vancouver
2017,Qtr 1,February,25,6558.840000000001,Vancouver
2017,Qtr 1,February,26,6597.9800000000005,Vancouver
2017,Qtr 1,February,27,6583.82,Vancouver
2017,Qtr 1,February,28,6560.030000000002,Vancouver
2017,Qtr 1,March,1,6667.830000000002,Vancouver
2017,Qtr 1,March,2,6670.17,Vancouver
2017,Qtr 1,March,3,6704.64,Vancouver
2017,Qtr 1,March,4,6611.29,Vancouver
2017,Qtr 1,March,5,6641.6799999999985,Vancouver
2017,Qtr 1,March,6,6656.150000000002,Vancouver
2017,Qtr 1,March,7,6610.800000000001,Vancouver
2017,Qtr 1,March,8,6622.53,Vancouver
2017,Qtr 1,March,9,6612.68,Vancouver
2017,Qtr 1,March,10,6652.739999999999,Vancouver
2017,Qtr 1,March,11,6673.88,Vancouver
2017,Qtr 1,March,12,6726.06,Vancouver
2017,Qtr 1,March,13,6715.430000000001,Vancouver
2017,Qtr 1,March,14,6744.38,Vancouver
2017,Qtr 1,March,15,6770.169999999999,Vancouver
2017,Qtr 1,March,16,6714.189999999999,Vancouver
2017,Qtr 1,March,17,6720.52,Vancouver
2017,Qtr 1,March,18,6685.239999999999,Vancouver
2017,Qtr 1,March,19,6657.78,Vancouver
2017,Qtr 1,March,20,6699.42,Vancouver
2017,Qtr 1,March,21,6760.249999999999,Vancouver
2017,Qtr 1,March,22,6772.780000000001,Vancouver
2017,Qtr 1,March,23,6758.450000000002,Vancouver
2017,Qtr 1,March,24,6768.97,Vancouver
2017,Qtr 1,March,25,6732.490000000002,Vancouver
2017,Qtr 1,March,26,6714.569999999999,Vancouver
2017,Qtr 1,March,27,6741.42,Vancouver
2017,Qtr 1,March,28,6754.436,Vancouver
2017,Qtr 1,March,29,6734.629999999999,Vancouver
2017,Qtr 1,March,30,6726.599999999999,Vancouver
2017,Qtr 1,March,31,6720.900000000001,Vancouver
2017,Qtr 2,April,1,6746.24,Vancouver
2017,Qtr 2,April,2,6719.349999999999,Vancouver
2017,Qtr 2,April,3,6710.740000000001,Vancouver
2017,Qtr 2,April,4,6731.910000000002,Vancouver
2017,Qtr 2,April,5,6762.890000000001,Vancouver
2017,Qtr 2,April,6,6766.8099999999995,Vancouver
2017,Qtr 2,April,7,6766.53,Vancouver
2017,Qtr 2,April,8,6778.2300000000005,Vancouver
2017,Qtr 2,April,9,6754.85,Vancouver
2017,Qtr 2,April,10,6766.43,Vancouver
2017,Qtr 2,April,11,6741.739999999998,Vancouver
2017,Qtr 2,April,12,6820.41,Vancouver
2017,Qtr 2,April,13,6797.584663577999,Vancouver
2017,Qtr 2,April,14,6795.0700000000015,Vancouver
2017,Qtr 2,April,15,6788.130000000001,Vancouver
2017,Qtr 2,April,16,6774.06,Vancouver
2017,Qtr 2,April,17,6823.62,Vancouver
2017,Qtr 2,April,18,6845.96,Vancouver
2017,Qtr 2,April,19,6826.9,Vancouver
2017,Qtr 2,April,20,6812.110000000001,Vancouver
2017,Qtr 2,April,21,6812.569999999999,Vancouver
2017,Qtr 2,April,22,6837.5199999999995,Vancouver
2017,Qtr 2,April,23,6815.310000000001,Vancouver
2017,Qtr 2,April,24,6807.8200000000015,Vancouver
2017,Qtr 2,April,25,6826.6100000000015,Vancouver
2017,Qtr 2,April,26,6790.719999999998,Vancouver
2017,Qtr 2,April,27,6784.099999999999,Vancouver
2017,Qtr 2,April,28,6759.079999999999,Vancouver
2017,Qtr 2,April,29,6742.289999999999,Vancouver
2017,Qtr 2,April,30,6749.739999999999,Vancouver
2017,Qtr 2,May,1,6766.07,Vancouver
2017,Qtr 2,May,2,6777.009999999999,Vancouver
2017,Qtr 2,May,3,6839.759999999998,Vancouver
2017,Qtr 2,May,4,6848.8099999999995,Vancouver
2017,Qtr 2,May,5,6879.379999999999,Vancouver
2017,Qtr 2,May,6,6780.389999999999,Vancouver
2017,Qtr 2,May,7,6781.920000000002,Vancouver
2017,Qtr 2,May,8,6817.219999999999,Vancouver
2017,Qtr 2,May,9,6848.49,Vancouver
2017,Qtr 2,May,10,6875.61,Vancouver
2017,Qtr 2,May,11,6853.330000000001,Vancouver
2017,Qtr 2,May,12,6800.610000000001,Vancouver
2017,Qtr 2,May,13,6775.059999999999,Vancouver
2017,Qtr 2,May,14,6794.769999999998,Vancouver
2017,Qtr 2,May,15,6782.359999999999,Vancouver
2017,Qtr 2,May,16,6746.45,Vancouver
2017,Qtr 2,May,17,6830.549999999999,Vancouver
2017,Qtr 2,May,18,6861.950000000001,Vancouver
2017,Qtr 2,May,19,6859.610000000001,Vancouver
2017,Qtr 2,May,20,6894.870000000001,Vancouver
2017,Qtr 2,May,21,6922.47,Vancouver
2017,Qtr 2,May,22,6949.01,Vancouver
2017,Qtr 2,May,23,6926.049999999998,Vancouver
2017,Qtr 2,May,24,6863.5599999999995,Vancouver
2017,Qtr 2,May,25,6870.900000000001,Vancouver
2017,Qtr 2,May,26,6927.539999999999,Vancouver
2017,Qtr 2,May,27,6964.649999999999,Vancouver
2017,Qtr 2,May,28,6986.2699999999995,Vancouver
2017,Qtr 2,May,29,6983.070000000001,Vancouver
2017,Qtr 2,May,30,6884.66,Vancouver
2017,Qtr 2,May,31,6862.85,Vancouver
2017,Qtr 2,June,1,6901.929999999999,Vancouver
2017,Qtr 2,June,2,6921.329999999999,Vancouver
2017,Qtr 2,June,3,6916.42,Vancouver
2017,Qtr 2,June,4,6888.810000000001,Vancouver
2017,Qtr 2,June,5,6889.719999999998,Vancouver
2017,Qtr 2,June,6,6970.100000000002,Vancouver
2017,Qtr 2,June,7,7004.799999999999,Vancouver
2017,Qtr 2,June,8,6931.72,Vancouver
2017,Qtr 2,June,9,6849.16,Vancouver
2017,Qtr 2,June,10,6866.54,Vancouver
2017,Qtr 2,June,11,6900.839999999999,Vancouver
2017,Qtr 2,June,12,6929.950000000001,Vancouver
2017,Qtr 2,June,13,6888.03,Vancouver
2017,Qtr 2,June,14,6889.26,Vancouver
2017,Qtr 2,June,15,6883.540000000001,Vancouver
2017,Qtr 2,June,16,6907.41,Vancouver
2017,Qtr 2,June,17,6896.86,Vancouver
2017,Qtr 2,June,18,6874.33,Vancouver
2017,Qtr 2,June,19,6908.94,Vancouver
2017,Qtr 2,June,20,6950.550000000001,Vancouver
2017,Qtr 2,June,21,6927.447999999998,Vancouver
2017,Qtr 2,June,22,6924.579999999999,Vancouver
2017,Qtr 2,June,23,6962.1945842919995,Vancouver
2017,Qtr 2,June,24,6992.379999999998,Vancouver
2017,Qtr 2,June,25,7021.38,Vancouver
2017,Qtr 2,June,26,7012.82,Vancouver
2017,Qtr 2,June,27,6942.9400000000005,Vancouver
2017,Qtr 2,June,28,6942.76,Vancouver
2017,Qtr 2,June,29,6984.660000000001,Vancouver
2017,Qtr 2,June,30,7001.159999999999,Vancouver
2017,Qtr 3,July,1,6967.749999999998,Vancouver
2017,Qtr 3,July,2,6988.226017479,Vancouver
2017,Qtr 3,July,3,6979.880000000002,Vancouver
2017,Qtr 3,July,4,6968.529999999999,Vancouver
2017,Qtr 3,July,5,7001.74,Vancouver
2017,Qtr 3,July,6,7036.46,Vancouver
2017,Qtr 3,July,7,7017.010000000001,Vancouver
2017,Qtr 3,July,8,6979.449999999999,Vancouver
2017,Qtr 3,July,9,7009.51,Vancouver
2017,Qtr 3,July,10,6996.438217769001,Vancouver
2017,Qtr 3,July,11,6938.700000000001,Vancouver
2017,Qtr 3,July,12,6980.11,Vancouver
2017,Qtr 3,July,13,7013.209999999999,Vancouver
2017,Qtr 3,July,14,6960.989999999999,Vancouver
2017,Qtr 3,July,15,7007.709999999999,Vancouver
2017,Qtr 3,July,16,6993.529999999999,Vancouver
2017,Qtr 3,July,17,6978.04,Vancouver
2017,Qtr 3,July,18,6996.0999999999985,Vancouver
2017,Qtr 3,July,19,7017.73,Vancouver
2017,Qtr 3,July,20,7009.400000000001,Vancouver
2017,Qtr 3,July,21,6976.889999999999,Vancouver
2017,Qtr 3,July,22,6984.300000000001,Vancouver
2017,Qtr 3,July,23,7014.419999999999,Vancouver
2017,Qtr 3,July,24,6990.8099999999995,Vancouver
2017,Qtr 3,July,25,7014.31,Vancouver
2017,Qtr 3,July,26,7008.63,Vancouver
2017,Qtr 3,July,27,6981.46,Vancouver
2017,Qtr 3,July,28,6957.4,Vancouver
2017,Qtr 3,July,29,6992.999999999999,Vancouver
2017,Qtr 3,July,30,7028.140000000001,Vancouver
2017,Qtr 3,July,31,7015.210000000002,Vancouver
2017,Qtr 3,August,1,7048.150000000001,Vancouver
2017,Qtr 3,August,2,7066.489999999998,Vancouver
2017,Qtr 3,August,3,7075.784,Vancouver
2017,Qtr 3,August,4,7053.63,Vancouver
2017,Qtr 3,August,5,7015.24,Vancouver
2017,Qtr 3,August,6,6994.85,Vancouver
2017,Qtr 3,August,7,7013.009999999999,Vancouver
2017,Qtr 3,August,8,7025.76,Vancouver
2017,Qtr 3,August,9,7036.650000000001,Vancouver
2017,Qtr 3,August,10,7042.380000000001,Vancouver
2017,Qtr 3,August,11,7028.110000000001,Vancouver
2017,Qtr 3,August,12,6989.8899999999985,Vancouver
2017,Qtr 3,August,13,6990.080000000002,Vancouver
2017,Qtr 3,August,14,6959.389999999999,Vancouver
2017,Qtr 3,August,15,6954.62,Vancouver
2017,Qtr 3,August,16,6974.369,Vancouver
2017,Qtr 3,August,17,6998.829999999998,Vancouver
2017,Qtr 3,August,18,6981.519999999999,Vancouver
2017,Qtr 3,August,19,6983.67,Vancouver
2017,Qtr 3,August,20,6965.49,Vancouver
2017,Qtr 3,August,21,6984.78,Vancouver
2017,Qtr 3,August,22,7031.299999999999,Vancouver
2017,Qtr 3,August,23,7032.130000000002,Vancouver
2017,Qtr 3,August,24,6986.67,Vancouver
2017,Qtr 3,August,25,6942.59,Vancouver
2017,Qtr 3,August,26,6967.18,Vancouver
2017,Qtr 3,August,27,7033.1,Vancouver
2017,Qtr 3,August,28,7073.799999999999,Vancouver
2017,Qtr 3,August,29,7069.499999999999,Vancouver
2017,Qtr 3,August,30,7025.73,Vancouver
2017,Qtr 3,August,31,6998.379999999998,Vancouver
2017,Qtr 3,September,1,6988.59,Vancouver
2017,Qtr 3,September,2,7036.429999999999,Vancouver
2017,Qtr 3,September,3,7073.050000000002,Vancouver
2017,Qtr 3,September,4,7089.589999999999,Vancouver
2017,Qtr 3,September,5,7092.339999999998,Vancouver
2017,Qtr 3,September,6,7055.740000000002,Vancouver
2017,Qtr 3,September,7,7021.199999999999,Vancouver
2017,Qtr 3,September,8,6986.0199999999995,Vancouver
2017,Qtr 3,September,9,6935.149999999999,Vancouver
2017,Qtr 3,September,10,6900.999999999999,Vancouver
2017,Qtr 3,September,11,6939.41,Vancouver
2017,Qtr 3,September,12,6986.799999999999,Vancouver
2017,Qtr 3,September,13,6937.139999999999,Vancouver
2017,Qtr 3,September,14,6950.789999999998,Vancouver
2017,Qtr 3,September,15,6911.589999999999,Vancouver
2017,Qtr 3,September,16,6926.72,Vancouver
2017,Qtr 3,September,17,6908.700000000001,Vancouver
2017,Qtr 3,September,18,6850.3499999999985,Vancouver
2017,Qtr 3,September,19,6839.08,Vancouver
2017,Qtr 3,September,20,6829.329999999999,Vancouver
2017,Qtr 3,September,21,6865.543464584,Vancouver
2017,Qtr 3,September,22,6886.46,Vancouver
2017,Qtr 3,September,23,6907.300000000001,Vancouver
2017,Qtr 3,September,24,6876.26,Vancouver
2017,Qtr 3,September,25,6915.61,Vancouver
2017,Qtr 3,September,26,6917.457756944,Vancouver
2017,Qtr 3,September,27,6917.540000000002,Vancouver
2017,Qtr 3,September,28,6947.234538889002,Vancouver
2017,Qtr 3,September,29,6961.569999999998,Vancouver
2017,Qtr 3,September,30,6865.239999999999,Vancouver
2017,Qtr 4,October,1,6840.449999999999,Vancouver
2017,Qtr 4,October,2,6834.200000000002,Vancouver
2017,Qtr 4,October,3,6865.26,Vancouver
2017,Qtr 4,October,4,6819.820000000001,Vancouver
2017,Qtr 4,October,5,6806.88,Vancouver
2017,Qtr 4,October,6,6818.99,Vancouver
2017,Qtr 4,October,7,6832.02,Vancouver
2017,Qtr 4,October,8,6804.66,Vancouver
2017,Qtr 4,October,9,6774.19,Vancouver
2017,Qtr 4,October,10,6786.21,Vancouver
2017,Qtr 4,October,11,6765,Vancouver
2017,Qtr 4,October,12,6749.33,Vancouver
2017,Qtr 4,October,13,6747.999999999998,Vancouver
2017,Qtr 4,October,14,6727.6669999999995,Vancouver
2017,Qtr 4,October,15,6796.98,Vancouver
2017,Qtr 4,October,16,6830.45,Vancouver
2017,Qtr 4,October,17,6847.31,Vancouver
2017,Qtr 4,October,18,6791.469999999999,Vancouver
2017,Qtr 4,October,19,6838.339999999998,Vancouver
2017,Qtr 4,October,20,6780.669999999999,Vancouver
2017,Qtr 4,October,21,6759.010000000001,Vancouver
2017,Qtr 4,October,22,6824.66,Vancouver
2017,Qtr 4,October,23,6807.879999999999,Vancouver
2017,Qtr 4,October,24,6812.049999999997,Vancouver
2017,Qtr 4,October,25,6795.32,Vancouver
2017,Qtr 4,October,26,6801.8,Vancouver
2017,Qtr 4,October,27,6794.049999999999,Vancouver
2017,Qtr 4,October,28,6570.63,Portland
2017,Qtr 4,October,28,288.01,Vancouver
2017,Qtr 4,October,29,6838.08,Portland
2017,Qtr 4,October,30,6854.78,Portland
2017,Qtr 4,October,31,6761.110000000001,Portland
2017,Qtr 4,November,1,6795.500000000002,Portland
2017,Qtr 4,November,2,6794.619999999999,Portland
2017,Qtr 4,November,3,6732.82,Portland
2017,Qtr 4,November,4,6697.580000000002,Portland
2017,Qtr 4,November,5,6744.27,Portland
2017,Qtr 4,November,6,6689.610000000001,Portland
2017,Qtr 4,November,7,6684.24,Portland
2017,Qtr 4,November,8,6717.900521920999,Portland
2017,Qtr 4,November,9,6744.524684372,Portland
2017,Qtr 4,November,10,6753.160000000003,Portland
2017,Qtr 4,November,11,6754.210804260999,Portland
2017,Qtr 4,November,12,6806.959999999999,Portland
2017,Qtr 4,November,13,6815.4000000000015,Portland
2017,Qtr 4,November,14,6781.27,Portland
2017,Qtr 4,November,15,6803.426910885997,Portland
2017,Qtr 4,November,16,6728.789999999998,Portland
2017,Qtr 4,November,17,6721.710000000001,Portland
2017,Qtr 4,November,18,6712.899999999999,Portland
2017,Qtr 4,November,19,6674.210000000001,Portland
2017,Qtr 4,November,20,6799.1,Portland
2017,Qtr 4,November,21,6765.039999999999,Portland
2017,Qtr 4,November,22,6850.749999999999,Portland
2017,Qtr 4,November,23,6921.2800000000025,Portland
2017,Qtr 4,November,24,6781.049999999999,Portland
2017,Qtr 4,November,25,6703.040000000002,Portland
2017,Qtr 4,November,26,6758.119999999999,Portland
2017,Qtr 4,November,27,6718.1399999999985,Portland
2017,Qtr 4,November,28,6722.059999999997,Portland
2017,Qtr 4,November,29,6716.66,Portland
2017,Qtr 4,November,30,282.28,Portland
